Half Inning,Inning,Outs,Balls,Strikes,Count,Batter_Team,Pitcher_Team,Date,Home Team,Away Team,Time To Plate (sec) with Man on First,Batter,Pitcher,Batter_Side,Pitcher_Side,Pitch_Type,Outcome,Quality of Contact,Spray Chart,Runners,Pitch_Location_X,Pitch_Location_Y,REMEMBER TO INSERT THE X AND Y POINTS AFTER EVERY HALF INNING! DON'T MISCLICK PLOTS
Top 1,1,0,0,0,'0-0,Kitchener Panthers,Toronto Maple Leafs,"July 16, 2025",Toronto Maple Leafs,Kitchener Panthers,,Yordan Manduley,Luis Florentino,R,R,Fastball,Flyout,Fly Ball,Pull,000,-0.173251618,0.846579087,
Top 1,1,1,0,0,'0-0,Kitchener Panthers,Toronto Maple Leafs,"July 16, 2025",,,,Mateo Zeppieri,Luis Florentino,L,R,Fastball,Foul,,,000,-0.381284221,0.51725539,
Top 1,1,1,0,1,'0-1,Kitchener Panthers,Toronto Maple Leafs,"July 16, 2025",,,,Mateo Zeppieri,Luis Florentino,L,R,Fastball,Swinging Strike,,,000,-0.265710553,1.10271974,
Top 1,1,1,0,2,'0-2,Kitchener Panthers,Toronto Maple Leafs,"July 16, 2025",,,,Mateo Zeppieri,Luis Florentino,L,R,Fastball,Ball,,,000,1.883959681,1.084423979,
Top 1,1,1,1,2,'1-2,Kitchener Panthers,Toronto Maple Leafs,"July 16, 2025",,,,Mateo Zeppieri,Luis Florentino,L,R,Fastball,Flyout,Fly Ball,Straightaway,000,0.011666252,0.462368107,
Top 1,1,2,0,0,'0-0,Kitchener Panthers,Toronto Maple Leafs,"July 16, 2025",,,,Yosvani Penalver,Luis Florentino,L,R,Fastball,Called Strike,,,000,0.034780986,0.837431206,
Top 1,1,2,0,1,'0-1,Kitchener Panthers,Toronto Maple Leafs,"July 16, 2025",,,,Yosvani Penalver,Luis Florentino,L,R,Fastball,Groundout,Ground Ball,Pull,000,0.196584121,0.572142672,
Bottom 1,1,0,0,0,'0-0,Toronto Maple Leafs,Kitchener Panthers,"July 16, 2025",,,,Ryan Dos Santos,Yadian Martinez,L,R,Fastball,Ball,,,000,1.514123942,0.791691804,
Bottom 1,1,0,1,0,'1-0,Toronto Maple Leafs,Kitchener Panthers,"July 16, 2025",,,,Ryan Dos Santos,Yadian Martinez,L,R,Fastball,Foul,,,000,0.612649328,0.297706258,
Bottom 1,1,0,1,1,'1-1,Toronto Maple Leafs,Kitchener Panthers,"July 16, 2025",,,,Ryan Dos Santos,Yadian Martinez,L,R,Fastball,Ball,,,000,0.289043056,1.331416752,
Bottom 1,1,0,2,1,'2-1,Toronto Maple Leafs,Kitchener Panthers,"July 16, 2025",,,,Ryan Dos Santos,Yadian Martinez,L,R,Offspeed,Ball,,,000,1.675927078,0.407480824,
Bottom 1,1,0,3,1,'3-1,Toronto Maple Leafs,Kitchener Panthers,"July 16, 2025",,,,Ryan Dos Santos,Yadian Martinez,L,R,Fastball,Walk,,,000,0.612649328,-0.141392005,
Bottom 1,1,0,0,0,'0-0,Toronto Maple Leafs,Kitchener Panthers,"July 16, 2025",,,,Jhon Javier,Yadian Martinez,R,R,Offspeed,Called Strike,,,100,0.612649328,0.736804521,
Bottom 1,1,0,0,1,'0-1,Toronto Maple Leafs,Kitchener Panthers,"July 16, 2025",,,1.06,Jhon Javier,Yadian Martinez,R,R,Fastball,Ball,,,100,-0.658661025,-0.296905973,
Bottom 1,1,0,1,1,'1-1,Toronto Maple Leafs,Kitchener Panthers,"July 16, 2025",,,1.13,Jhon Javier,Yadian Martinez,R,R,Offspeed,Groundout,Ground Ball,Straightaway,100,-0.196366351,0.480663868,
Bottom 1,1,1,0,0,'0-0,Toronto Maple Leafs,Kitchener Panthers,"July 16, 2025",,,,Jordan Castaldo,Yadian Martinez,L,R,Fastball,Ball,,,010,1.282976605,0.691065119,
Bottom 1,1,1,1,0,'1-0,Toronto Maple Leafs,Kitchener Panthers,"July 16, 2025",,,,Jordan Castaldo,Yadian Martinez,L,R,Offspeed,Ball,,,010,1.491009209,0.178783812,
Bottom 1,1,1,2,0,'2-0,Toronto Maple Leafs,Kitchener Panthers,"July 16, 2025",,,,Jordan Castaldo,Yadian Martinez,L,R,Offspeed,Ball,,,010,1.282976605,-0.278610212,
Bottom 1,1,1,3,0,'3-0,Toronto Maple Leafs,Kitchener Panthers,"July 16, 2025",,,,Jordan Castaldo,Yadian Martinez,L,R,Fastball,Called Strike,,,010,-0.034563216,0.251966856,
Bottom 1,1,1,3,1,'3-1,Toronto Maple Leafs,Kitchener Panthers,"July 16, 2025",,,,Jordan Castaldo,Yadian Martinez,L,R,Fastball,Foul,,,010,0.173469388,0.261114736,
Bottom 1,1,1,3,2,'3-2,Toronto Maple Leafs,Kitchener Panthers,"July 16, 2025",,,,Jordan Castaldo,Yadian Martinez,L,R,Offspeed,Walk,,,010,-0.774234694,-0.232870809,
Bottom 1,1,1,0,0,'0-0,Toronto Maple Leafs,Kitchener Panthers,"July 16, 2025",,,,Dennis Dei Banning,Yadian Martinez,R,R,Fastball,Groundout,Ground Ball,Opposite Field,110,0.335272524,0.553846912,
Bottom 1,1,2,0,0,'0-0,Toronto Maple Leafs,Kitchener Panthers,"July 16, 2025",,,,Justin Marra,Yadian Martinez,L,R,Offspeed,Ball,,,011,1.098058736,0.663621477,
Bottom 1,1,2,1,0,'1-0,Toronto Maple Leafs,Kitchener Panthers,"July 16, 2025",,,,Justin Marra,Yadian Martinez,L,R,Offspeed,Called Strike,,,011,0.774452464,0.52640327,
Bottom 1,1,2,1,1,'1-1,Toronto Maple Leafs,Kitchener Panthers,"July 16, 2025",,,,Justin Marra,Yadian Martinez,L,R,Offspeed,Ball,,,011,1.121173469,1.157607023,
Bottom 1,1,2,2,1,'2-1,Toronto Maple Leafs,Kitchener Panthers,"July 16, 2025",,,,Justin Marra,Yadian Martinez,L,R,Offspeed,Swinging Strike,,,011,0.473960926,0.197079573,
Bottom 1,1,2,2,2,'2-2,Toronto Maple Leafs,Kitchener Panthers,"July 16, 2025",,,,Justin Marra,Yadian Martinez,L,R,Offspeed,Single,Ground Ball,Opposite Field,011,-0.450628422,0.197079573,
Bottom 1,1,2,0,0,'0-0,Toronto Maple Leafs,Kitchener Panthers,"July 16, 2025",,,,Chad Picton,Yadian Martinez,R,R,Offspeed,Foul,,,111,-0.496857889,0.70936088,
Bottom 1,1,2,0,1,'0-1,Toronto Maple Leafs,Kitchener Panthers,"July 16, 2025",,,,Chad Picton,Yadian Martinez,R,R,Offspeed,Foul,,,111,-0.704890493,0.553846912,
Bottom 1,1,2,0,2,'0-2,Toronto Maple Leafs,Kitchener Panthers,"July 16, 2025",,,,Chad Picton,Yadian Martinez,R,R,Offspeed,Foul,,,111,-0.612431558,0.306854139,
Bottom 1,1,2,0,2,'0-2,Toronto Maple Leafs,Kitchener Panthers,"July 16, 2025",,,,Chad Picton,Yadian Martinez,R,R,Fastball,Ball,,,111,-0.681775759,1.313120991,
Bottom 1,1,2,1,2,'1-2,Toronto Maple Leafs,Kitchener Panthers,"July 16, 2025",,,,Chad Picton,Yadian Martinez,R,R,Offspeed,Single,Ground Ball,Pull,111,-0.358169487,0.52640327,
Bottom 1,1,2,0,0,'0-0,Toronto Maple Leafs,Kitchener Panthers,"July 16, 2025",,,,Aidan McAskie,Yadian Martinez,L,R,Offspeed,Ball,,,111,0.427731458,-0.269462331,
Bottom 1,1,2,1,0,'1-0,Toronto Maple Leafs,Kitchener Panthers,"July 16, 2025",,,,Aidan McAskie,Yadian Martinez,L,R,Offspeed,Ball,,,111,0.658878795,-0.232870809,
Bottom 1,1,2,2,0,'2-0,Toronto Maple Leafs,Kitchener Panthers,"July 16, 2025",,,,Aidan McAskie,Yadian Martinez,L,R,Fastball,Foul,,,111,0.404616725,0.791691804,
Bottom 1,1,2,2,1,'2-1,Toronto Maple Leafs,Kitchener Panthers,"July 16, 2025",,,,Aidan McAskie,Yadian Martinez,L,R,Fastball,Foul,,,111,-0.381284221,0.544699031,
Bottom 1,1,2,2,2,'2-2,Toronto Maple Leafs,Kitchener Panthers,"July 16, 2025",,,,Aidan McAskie,Yadian Martinez,L,R,Offspeed,Ball,,,111,0.358387257,-0.397532658,
Bottom 1,1,2,3,2,'3-2,Toronto Maple Leafs,Kitchener Panthers,"July 16, 2025",,,,Aidan McAskie,Yadian Martinez,L,R,Fastball,Groundout,Ground Ball,Straightaway,111,0.289043056,0.3251499,
Top 2,2,0,0,0,'0-0,Kitchener Panthers,Toronto Maple Leafs,"July 16, 2025",,,,Yunior Ibarra,Luis Florentino,R,R,Fastball,Called Strike,,,000,0.589534594,0.389185063,
Top 2,2,0,0,1,'0-1,Kitchener Panthers,Toronto Maple Leafs,"July 16, 2025",,,,Yunior Ibarra,Luis Florentino,R,R,Offspeed,Called Strike,,,000,-0.496857889,0.745952401,
Top 2,2,0,0,2,'0-2,Kitchener Panthers,Toronto Maple Leafs,"July 16, 2025",,,,Yunior Ibarra,Luis Florentino,R,R,Fastball,Ball,,,000,0.150354654,-0.187131407,
Top 2,2,0,1,2,'1-2,Kitchener Panthers,Toronto Maple Leafs,"July 16, 2025",,,,Yunior Ibarra,Luis Florentino,R,R,Fastball,Single,Fly Ball,Opposite Field,000,0.034780986,0.270262617,
Top 2,2,0,0,0,'0-0,Kitchener Panthers,Toronto Maple Leafs,"July 16, 2025",,,,Charlie Towers,Luis Florentino,L,R,Fastball,Ball,,,100,-1.513906172,0.215375334,
Top 2,2,0,1,0,'1-0,Kitchener Panthers,Toronto Maple Leafs,"July 16, 2025",,,,Charlie Towers,Luis Florentino,L,R,Fastball,Ball,,,100,-1.629479841,-0.022469558,
Top 2,2,0,2,0,'2-0,Kitchener Panthers,Toronto Maple Leafs,"July 16, 2025",,,1.22,Charlie Towers,Luis Florentino,L,R,Fastball,Called Strike,,,100,0.242813589,0.508107509,
Top 2,2,0,2,1,'2-1,Kitchener Panthers,Toronto Maple Leafs,"July 16, 2025",,,1.27,Charlie Towers,Luis Florentino,L,R,Fastball,Ball,,,100,0.404616725,1.093571859,
Top 2,2,0,3,1,'3-1,Kitchener Panthers,Toronto Maple Leafs,"July 16, 2025",,,1.32,Charlie Towers,Luis Florentino,L,R,Fastball,Walk,,,100,-0.335054754,0.105600768,
Top 2,2,0,0,0,'0-0,Kitchener Panthers,Toronto Maple Leafs,"July 16, 2025",,,,Yosuke Fujie,Luis Florentino,L,R,Fastball,Swinging Strike,,,110,-0.358169487,0.928910011,
Top 2,2,0,0,1,'0-1,Kitchener Panthers,Toronto Maple Leafs,"July 16, 2025",,,,Yosuke Fujie,Luis Florentino,L,R,Fastball,Ball,,,110,1.352320806,0.874022728,
Top 2,2,0,1,1,'1-1,Kitchener Panthers,Toronto Maple Leafs,"July 16, 2025",,,,Yosuke Fujie,Luis Florentino,L,R,Fastball,Called Strike,,,110,0.797567198,0.434924465,
Top 2,2,0,1,2,'1-2,Kitchener Panthers,Toronto Maple Leafs,"July 16, 2025",,,,Yosuke Fujie,Luis Florentino,L,R,Fastball,Strikeout Swinging,,,110,0.658878795,0.700212999,
Top 2,2,1,0,0,'0-0,Kitchener Panthers,Toronto Maple Leafs,"July 16, 2025",,,,Runte Osawa,Luis Florentino,R,R,Fastball,Ball,,,110,0.866911399,-0.269462331,
Top 2,2,1,1,0,'1-0,Kitchener Panthers,Toronto Maple Leafs,"July 16, 2025",,,,Runte Osawa,Luis Florentino,R,R,Fastball,Foul,,,110,0.057895719,0.791691804,
Top 2,2,1,1,1,'1-1,Kitchener Panthers,Toronto Maple Leafs,"July 16, 2025",,,,Runte Osawa,Luis Florentino,R,R,Fastball,Flyout,Fly Ball,Opposite Field,110,-0.589316824,0.51725539,
Top 2,2,2,0,0,'0-0,Kitchener Panthers,Toronto Maple Leafs,"July 16, 2025",,,,AJ Karosas,Luis Florentino,L,R,Fastball,Swinging Strike,,,101,0.057895719,0.489811748,
Top 2,2,2,0,1,'0-1,Kitchener Panthers,Toronto Maple Leafs,"July 16, 2025",,,,AJ Karosas,Luis Florentino,L,R,Fastball,Swinging Strike,,,101,0.173469388,0.471515987,
Top 2,2,2,0,2,'0-2,Kitchener Panthers,Toronto Maple Leafs,"July 16, 2025",,,,AJ Karosas,Luis Florentino,L,R,Fastball,Ball,,,011,-0.519972623,-0.342645375,
Top 2,2,2,1,2,'1-2,Kitchener Panthers,Toronto Maple Leafs,"July 16, 2025",,,,AJ Karosas,Luis Florentino,L,R,Fastball,Ball,,,011,0.381501991,1.29482523,
Top 2,2,2,2,2,'2-2,Kitchener Panthers,Toronto Maple Leafs,"July 16, 2025",,,,AJ Karosas,Luis Florentino,L,R,,Strikeout Swinging,,,011,,,
Bottom 2,2,0,0,0,'0-0,Toronto Maple Leafs,Kitchener Panthers,"July 16, 2025",,,,Dan Marra,Yadian Martinez,R,R,,Called Strike,,,000,,,
Bottom 2,2,0,0,1,'0-1,Toronto Maple Leafs,Kitchener Panthers,"July 16, 2025",,,,Dan Marra,Yadian Martinez,R,R,Fastball,Ball,,,000,-1.352103036,0.617882075,
Bottom 2,2,0,1,1,'1-1,Toronto Maple Leafs,Kitchener Panthers,"July 16, 2025",,,,Dan Marra,Yadian Martinez,R,R,Offspeed,Ball,,,000,-1.282758835,0.105600768,
Bottom 2,2,0,2,1,'2-1,Toronto Maple Leafs,Kitchener Panthers,"July 16, 2025",,,,Dan Marra,Yadian Martinez,R,R,Fastball,Foul,,,000,0.12723992,0.846579087,
Bottom 2,2,0,2,2,'2-2,Toronto Maple Leafs,Kitchener Panthers,"July 16, 2025",,,,Dan Marra,Yadian Martinez,R,R,Fastball,Groundout,Ground Ball,Opposite Field,000,-0.427513688,1.139311262,
Bottom 2,2,1,0,0,'0-0,Toronto Maple Leafs,Kitchener Panthers,"July 16, 2025",,,,Spenser Ross,Yadian Martinez,R,R,Fastball,Ball,,,000,0.011666252,1.239937947,
Bottom 2,2,1,1,0,'1-0,Toronto Maple Leafs,Kitchener Panthers,"July 16, 2025",,,,Spenser Ross,Yadian Martinez,R,R,Fastball,Called Strike,,,000,0.081010453,0.965501533,
Bottom 2,2,1,1,1,'1-1,Toronto Maple Leafs,Kitchener Panthers,"July 16, 2025",,,,Spenser Ross,Yadian Martinez,R,R,Fastball,Ball,,,000,1.791500747,1.249085828,
Bottom 2,2,1,2,1,'2-1,Toronto Maple Leafs,Kitchener Panthers,"July 16, 2025",,,,Spenser Ross,Yadian Martinez,R,R,Offspeed,Called Strike,,,000,-0.150136884,0.480663868,
Bottom 2,2,1,2,2,'2-2,Toronto Maple Leafs,Kitchener Panthers,"July 16, 2025",,,,Spenser Ross,Yadian Martinez,R,R,Offspeed,Groundout,Ground Ball,Straightaway,000,0.150354654,0.233671095,
Bottom 2,2,2,0,0,'0-0,Toronto Maple Leafs,Kitchener Panthers,"July 16, 2025",,,,Ryan Dos Santos,Yadian Martinez,L,R,Offspeed,Ball,,,000,0.104125187,-0.342645375,
Bottom 2,2,2,1,0,'1-0,Toronto Maple Leafs,Kitchener Panthers,"July 16, 2025",,,,Ryan Dos Santos,Yadian Martinez,L,R,Offspeed,Flyout,Fly Ball,Straightaway,000,0.589534594,0.727656641,
Top 3,3,0,0,0,'0-0,Kitchener Panthers,Toronto Maple Leafs,"July 16, 2025",,,,Nicolas KyRose,Luis Florentino,R,R,Fastball,Called Strike,,,000,0.150354654,0.70936088,
Top 3,3,0,0,1,'0-1,Kitchener Panthers,Toronto Maple Leafs,"July 16, 2025",,,,Nicolas KyRose,Luis Florentino,R,R,Offspeed,Called Strike,,,000,-0.543087357,0.206227453,
Top 3,3,0,0,2,'0-2,Kitchener Panthers,Toronto Maple Leafs,"July 16, 2025",,,,Nicolas KyRose,Luis Florentino,R,R,Fastball,Ball,,,000,1.144288203,0.562994792,
Top 3,3,0,1,2,'1-2,Kitchener Panthers,Toronto Maple Leafs,"July 16, 2025",,,,Nicolas KyRose,Luis Florentino,R,R,Offspeed,Strikeout Swinging,,,000,-1.282758835,0.160488051,
Top 3,3,1,0,0,'0-0,Kitchener Panthers,Toronto Maple Leafs,"July 16, 2025",,,,Yordan Manduley,Luis Florentino,R,R,Fastball,Called Strike,,,000,-0.473743156,0.453220226,
Top 3,3,1,0,1,'0-1,Kitchener Panthers,Toronto Maple Leafs,"July 16, 2025",,,,Yordan Manduley,Luis Florentino,R,R,Fastball,Called Strike,,,000,0.196584121,0.407480824,
Top 3,3,1,0,2,'0-2,Kitchener Panthers,Toronto Maple Leafs,"July 16, 2025",,,,Yordan Manduley,Luis Florentino,R,R,Offspeed,Single,Ground Ball,Straightaway,000,-0.681775759,0.562994792,
Top 3,3,1,0,0,'0-0,Kitchener Panthers,Toronto Maple Leafs,"July 16, 2025",,,1.35,Mateo Zeppieri,Luis Florentino,L,R,Fastball,Swinging Strike,,,100,-0.566202091,0.562994792,
Top 3,3,1,0,1,'0-1,Kitchener Panthers,Toronto Maple Leafs,"July 16, 2025",,,1.3,Mateo Zeppieri,Luis Florentino,L,R,Fastball,Foul,,,100,0.49707566,0.316002019,
Top 3,3,1,0,2,'0-2,Kitchener Panthers,Toronto Maple Leafs,"July 16, 2025",,,1.31,Mateo Zeppieri,Luis Florentino,L,R,Fastball,Foul,,,100,-0.196366351,0.846579087,
Top 3,3,1,0,2,'0-2,Kitchener Panthers,Toronto Maple Leafs,"July 16, 2025",,,1.41,Mateo Zeppieri,Luis Florentino,L,R,Fastball,Ball,,,100,1.930189149,1.148459142,
Top 3,3,1,1,2,'1-2,Kitchener Panthers,Toronto Maple Leafs,"July 16, 2025",,,,Mateo Zeppieri,Luis Florentino,L,R,Fastball,Strikeout Swinging,,,010,-0.75111996,0.727656641,
Top 3,3,2,0,0,'0-0,Kitchener Panthers,Toronto Maple Leafs,"July 16, 2025",,,,Yosvani Penalver,Luis Florentino,L,R,Fastball,Single,Line Drive,Pull,010,-0.034563216,0.51725539,
Top 3,3,2,0,0,'0-0,Kitchener Panthers,Toronto Maple Leafs,"July 16, 2025",,,,Yunior Ibarra,Luis Florentino,R,R,Fastball,Called Strike,,,010,0.520190393,0.508107509,
Top 3,3,2,0,1,'0-1,Kitchener Panthers,Toronto Maple Leafs,"July 16, 2025",,,,Yunior Ibarra,Luis Florentino,R,R,Offspeed,Ball,,,010,1.56035341,0.727656641,
Top 3,3,2,1,1,'1-1,Kitchener Panthers,Toronto Maple Leafs,"July 16, 2025",,,,Yunior Ibarra,Luis Florentino,R,R,Fastball,Foul,,,010,0.381501991,0.242818975,
Top 3,3,2,1,2,'1-2,Kitchener Panthers,Toronto Maple Leafs,"July 16, 2025",,,,Yunior Ibarra,Luis Florentino,R,R,Offspeed,Ball,,,010,1.19051767,1.331416752,
Top 3,3,2,2,2,'2-2,Kitchener Panthers,Toronto Maple Leafs,"July 16, 2025",,,,Yunior Ibarra,Luis Florentino,R,R,Fastball,Strikeout Swinging,,,001,0.057895719,0.846579087,
Bottom 3,3,0,0,0,'0-0,Toronto Maple Leafs,Kitchener Panthers,"July 16, 2025",,,,Jhon Javier,Yadian Martinez,R,R,Offspeed,Called Strike,,,000,-0.681775759,0.599586314,
Bottom 3,3,0,0,1,'0-1,Toronto Maple Leafs,Kitchener Panthers,"July 16, 2025",,,,Jhon Javier,Yadian Martinez,R,R,Offspeed,Called Strike,,,000,-0.912923096,0.462368107,
Bottom 3,3,0,0,2,'0-2,Toronto Maple Leafs,Kitchener Panthers,"July 16, 2025",,,,Jhon Javier,Yadian Martinez,R,R,Offspeed,Ball,,,000,-2.045545047,-0.232870809,
Bottom 3,3,0,1,2,'1-2,Toronto Maple Leafs,Kitchener Panthers,"July 16, 2025",,,,Jhon Javier,Yadian Martinez,R,R,Offspeed,Flyout,Fly Ball,Opposite Field,000,-0.589316824,0.800839684,
Bottom 3,3,1,0,0,'0-0,Toronto Maple Leafs,Kitchener Panthers,"July 16, 2025",,,,Jordan Castaldo,Yadian Martinez,L,R,Fastball,Called Strike,,,000,0.658878795,0.288558378,
Bottom 3,3,1,0,1,'0-1,Toronto Maple Leafs,Kitchener Panthers,"July 16, 2025",,,,Jordan Castaldo,Yadian Martinez,L,R,Fastball,Ball,,,000,1.537238676,1.066128218,
Bottom 3,3,1,1,1,'1-1,Toronto Maple Leafs,Kitchener Panthers,"July 16, 2025",,,,Jordan Castaldo,Yadian Martinez,L,R,Offspeed,Ball,,,000,1.606582877,0.352593541,
Bottom 3,3,1,2,1,'2-1,Toronto Maple Leafs,Kitchener Panthers,"July 16, 2025",,,,Jordan Castaldo,Yadian Martinez,L,R,Fastball,Ball,,,000,0.843796665,1.11186762,
Bottom 3,3,1,3,1,'3-1,Toronto Maple Leafs,Kitchener Panthers,"July 16, 2025",,,,Jordan Castaldo,Yadian Martinez,L,R,Offspeed,Foul,,,000,0.081010453,0.279410497,
Bottom 3,3,1,3,2,'3-2,Toronto Maple Leafs,Kitchener Panthers,"July 16, 2025",,,,Jordan Castaldo,Yadian Martinez,L,R,Offspeed,Strikeout Swinging,,,000,0.705108263,0.160488051,
Bottom 3,3,2,0,0,'0-0,Toronto Maple Leafs,Kitchener Panthers,"July 16, 2025",,,,Dennis Dei Banning,Yadian Martinez,R,R,Fastball,Single,Line Drive,Pull,000,0.635764062,0.70936088,
Bottom 3,3,2,0,0,'0-0,Toronto Maple Leafs,Kitchener Panthers,"July 16, 2025",,,1.12,Justin Marra,Yadian Martinez,L,R,Fastball,Ball,,,100,1.167402937,0.242818975,
Bottom 3,3,2,1,0,'1-0,Toronto Maple Leafs,Kitchener Panthers,"July 16, 2025",,,1.14,Justin Marra,Yadian Martinez,L,R,Fastball,Swinging Strike,,,100,0.381501991,0.700212999,
Bottom 3,3,2,1,1,'1-1,Toronto Maple Leafs,Kitchener Panthers,"July 16, 2025",,,1.03,Justin Marra,Yadian Martinez,L,R,Offspeed,Called Strike,,,100,0.728222997,0.453220226,
Bottom 3,3,2,1,2,'1-2,Toronto Maple Leafs,Kitchener Panthers,"July 16, 2025",,,,Justin Marra,Yadian Martinez,L,R,Offspeed,Ball,,,100,0.589534594,-0.315201734,
Bottom 3,3,2,2,2,'2-2,Toronto Maple Leafs,Kitchener Panthers,"July 16, 2025",,,1.09,Justin Marra,Yadian Martinez,L,R,Offspeed,Foul,,,100,1.259861872,0.654473597,
Bottom 3,3,2,2,2,'2-2,Toronto Maple Leafs,Kitchener Panthers,"July 16, 2025",,,1.09,Justin Marra,Yadian Martinez,L,R,Fastball,Ball,,,100,1.19051767,0.105600768,
Bottom 3,3,2,3,2,'3-2,Toronto Maple Leafs,Kitchener Panthers,"July 16, 2025",,,,Justin Marra,Yadian Martinez,L,R,Offspeed,Walk,,,100,1.236747138,0.343445661,
Bottom 3,3,2,0,0,'0-0,Toronto Maple Leafs,Kitchener Panthers,"July 16, 2025",,,,Chad Picton,Yadian Martinez,R,R,Offspeed,Ball,,,110,-1.56013564,-0.260314451,
Bottom 3,3,2,1,0,'1-0,Toronto Maple Leafs,Kitchener Panthers,"July 16, 2025",,,,Chad Picton,Yadian Martinez,R,R,Offspeed,Called Strike,,,110,0.658878795,0.562994792,
Bottom 3,3,2,1,1,'1-1,Toronto Maple Leafs,Kitchener Panthers,"July 16, 2025",,,,Chad Picton,Yadian Martinez,R,R,Offspeed,Groundout,Ground Ball,Pull,110,-0.057677949,0.782543923,
Top 4,4,0,0,0,'0-0,Kitchener Panthers,Toronto Maple Leafs,"July 16, 2025",,,,Charlie Towers,Luis Florentino,L,R,Fastball,Swinging Strike,,,000,0.173469388,0.791691804,
Top 4,4,0,0,1,'0-1,Kitchener Panthers,Toronto Maple Leafs,"July 16, 2025",,,,Charlie Towers,Luis Florentino,L,R,Offspeed,Called Strike,,,000,0.011666252,0.370889302,
Top 4,4,0,0,2,'0-2,Kitchener Panthers,Toronto Maple Leafs,"July 16, 2025",,,,Charlie Towers,Luis Florentino,L,R,Fastball,Foul,,,000,0.473960926,0.535551151,
Top 4,4,0,0,2,'0-2,Kitchener Panthers,Toronto Maple Leafs,"July 16, 2025",,,,Charlie Towers,Luis Florentino,L,R,Fastball,Ball,,,000,1.37543554,0.261114736,
Top 4,4,0,1,2,'1-2,Kitchener Panthers,Toronto Maple Leafs,"July 16, 2025",,,,Charlie Towers,Luis Florentino,L,R,Fastball,Foul,,,000,0.681993529,0.846579087,
Top 4,4,0,1,2,'1-2,Kitchener Panthers,Toronto Maple Leafs,"July 16, 2025",,,,Charlie Towers,Luis Florentino,L,R,Offspeed,Ball,,,000,1.606582877,0.874022728,
Top 4,4,0,2,2,'2-2,Kitchener Panthers,Toronto Maple Leafs,"July 16, 2025",,,,Charlie Towers,Luis Florentino,L,R,Fastball,Single,Line Drive,Pull,000,0.381501991,0.444072346,
Top 4,4,0,0,0,'0-0,Kitchener Panthers,Toronto Maple Leafs,"July 16, 2025",,,1.21,Yosuke Fujie,Luis Florentino,L,R,Fastball,Ball,,,100,-0.288825286,1.185050664,
Top 4,4,0,1,0,'1-0,Kitchener Panthers,Toronto Maple Leafs,"July 16, 2025",,,1.2,Yosuke Fujie,Luis Florentino,L,R,Fastball,Foul,,,100,-0.427513688,0.416628704,
Top 4,4,0,1,1,'1-1,Kitchener Panthers,Toronto Maple Leafs,"July 16, 2025",,,1.23,Yosuke Fujie,Luis Florentino,L,R,Fastball,Ball,,,100,0.543305127,1.148459142,
Top 4,4,0,2,1,'2-1,Kitchener Panthers,Toronto Maple Leafs,"July 16, 2025",,,1.3,Yosuke Fujie,Luis Florentino,L,R,Fastball,Ball,,,100,1.675927078,1.185050664,
Top 4,4,0,3,1,'3-1,Kitchener Panthers,Toronto Maple Leafs,"July 16, 2025",,,1.24,Yosuke Fujie,Luis Florentino,L,R,Fastball,Walk,,,100,-0.473743156,1.249085828,
Top 4,4,0,0,0,'0-0,Kitchener Panthers,Toronto Maple Leafs,"July 16, 2025",,,,Runte Osawa,Luis Florentino,R,R,Offspeed,Ball,,,110,-0.288825286,-0.177983526,
Top 4,4,0,1,0,'1-0,Kitchener Panthers,Toronto Maple Leafs,"July 16, 2025",,,,Runte Osawa,Luis Florentino,R,R,Fastball,Ball,,,110,-1.305873569,0.819135445,
Top 4,4,0,2,0,'2-0,Kitchener Panthers,Toronto Maple Leafs,"July 16, 2025",,,,Runte Osawa,Luis Florentino,R,R,Fastball,Ball,,,110,-0.150136884,1.30397311,
Top 4,4,0,3,0,'3-0,Kitchener Panthers,Toronto Maple Leafs,"July 16, 2025",,,,Runte Osawa,Luis Florentino,R,R,Fastball,Walk,,,110,-0.519972623,1.075276099,
Top 4,4,0,0,0,'0-0,Kitchener Panthers,Toronto Maple Leafs,"July 16, 2025",,,,AJ Karosas,Luis Florentino,L,R,Fastball,Single,Line Drive,Pull,111,0.242813589,0.51725539,
Top 4,4,0,0,0,'0-0,Kitchener Panthers,Toronto Maple Leafs,"July 16, 2025",,,,Nicolas KyRose,Luis Florentino,R,R,Fastball,Foul,,,101,-0.173251618,0.316002019,
Top 4,4,0,0,1,'0-1,Kitchener Panthers,Toronto Maple Leafs,"July 16, 2025",,,,Nicolas KyRose,Luis Florentino,R,R,Fastball,Single,Ground Ball,Straightaway,101,-0.358169487,0.197079573,
Top 4,4,0,0,0,'0-0,Kitchener Panthers,Toronto Maple Leafs,"July 16, 2025",,,,Yordan Manduley,Luis Florentino,R,R,Fastball,Foul,,,110,-0.75111996,0.14219229,
Top 4,4,0,0,1,'0-1,Kitchener Panthers,Toronto Maple Leafs,"July 16, 2025",,,,Yordan Manduley,Luis Florentino,R,R,Fastball,Foul,,,110,-0.057677949,1.130163381,
Top 4,4,0,0,2,'0-2,Kitchener Panthers,Toronto Maple Leafs,"July 16, 2025",,,,Yordan Manduley,Luis Florentino,R,R,Fastball,Foul,,,110,-0.519972623,0.251966856,
Top 4,4,0,0,2,'0-2,Kitchener Panthers,Toronto Maple Leafs,"July 16, 2025",,,,Yordan Manduley,Luis Florentino,R,R,Fastball,Foul,,,110,-0.728005226,-0.123096244,
Top 4,4,0,0,2,'0-2,Kitchener Panthers,Toronto Maple Leafs,"July 16, 2025",,,,Yordan Manduley,Luis Florentino,R,R,Fastball,Foul,,,110,-0.196366351,0.91061425,
Top 4,4,0,0,2,'0-2,Kitchener Panthers,Toronto Maple Leafs,"July 16, 2025",,,,Yordan Manduley,Luis Florentino,R,R,Offspeed,Groundout,Ground Ball,Straightaway,110,-1.1902999,0.297706258,
Top 4,4,1,0,0,'0-0,Kitchener Panthers,Toronto Maple Leafs,"July 16, 2025",,,,Mateo Zeppieri,Luis Florentino,L,R,Fastball,Foul,,,101,0.011666252,0.837431206,
Top 4,4,1,0,1,'0-1,Kitchener Panthers,Toronto Maple Leafs,"July 16, 2025",,,,Mateo Zeppieri,Luis Florentino,L,R,Fastball,Foul,,,101,-0.635546292,0.316002019,
Top 4,4,1,0,2,'0-2,Kitchener Panthers,Toronto Maple Leafs,"July 16, 2025",,,,Mateo Zeppieri,Luis Florentino,L,R,Fastball,Strikeout Swinging,,,101,-0.288825286,1.185050664,
Top 4,4,2,0,0,'0-0,Kitchener Panthers,Toronto Maple Leafs,"July 16, 2025",,,,Yosvani Penalver,Luis Florentino,L,R,Fastball,Called Strike,,,101,0.104125187,0.444072346,
Top 4,4,2,0,1,'0-1,Kitchener Panthers,Toronto Maple Leafs,"July 16, 2025",,,,Yosvani Penalver,Luis Florentino,L,R,Fastball,Called Strike,,,101,0.427731458,0.306854139,
Top 4,4,2,0,2,'0-2,Kitchener Panthers,Toronto Maple Leafs,"July 16, 2025",,,,Yosvani Penalver,Luis Florentino,L,R,Fastball,Foul,,,101,1.236747138,0.425776585,
Top 4,4,2,0,2,'0-2,Kitchener Panthers,Toronto Maple Leafs,"July 16, 2025",,,,Yosvani Penalver,Luis Florentino,L,R,Fastball,Ball,,,101,0.034780986,1.258233708,
Top 4,4,2,1,2,'1-2,Kitchener Panthers,Toronto Maple Leafs,"July 16, 2025",,,,Yosvani Penalver,Luis Florentino,L,R,Offspeed,Ball,,,101,0.982485067,1.285677349,
Top 4,4,2,2,2,'2-2,Kitchener Panthers,Toronto Maple Leafs,"July 16, 2025",,,,Yosvani Penalver,Luis Florentino,L,R,Fastball,Ball,,,101,-0.288825286,-0.415828419,
Top 4,4,2,3,2,'3-2,Kitchener Panthers,Toronto Maple Leafs,"July 16, 2025",,,,Yosvani Penalver,Luis Florentino,L,R,Fastball,Walk,,,000,-0.658661025,-0.370089016,
Top 4,4,2,0,0,'0-0,Kitchener Panthers,Toronto Maple Leafs,"July 16, 2025",,,,Yunior Ibarra,Matt Brown,R,R,Fastball,Ball,,,100,0.543305127,1.066128218,
Top 4,4,2,1,0,'1-0,Kitchener Panthers,Toronto Maple Leafs,"July 16, 2025",,,,Yunior Ibarra,Matt Brown,R,R,Fastball,Groundout,Ground Ball,Pull,100,0.150354654,0.462368107,
Bottom 4,4,0,0,0,'0-0,Toronto Maple Leafs,Kitchener Panthers,"July 16, 2025",,,,Aidan McAskie,Yadian Martinez,L,R,Fastball,Called Strike,,,000,0.450846192,0.70936088,
Bottom 4,4,0,0,1,'0-1,Toronto Maple Leafs,Kitchener Panthers,"July 16, 2025",,,,Aidan McAskie,Yadian Martinez,L,R,Fastball,Foul,,,000,-0.288825286,0.974649413,
Bottom 4,4,0,0,2,'0-2,Toronto Maple Leafs,Kitchener Panthers,"July 16, 2025",,,,Aidan McAskie,Yadian Martinez,L,R,Fastball,Ball,,,000,1.444779741,0.819135445,
Bottom 4,4,0,1,2,'1-2,Toronto Maple Leafs,Kitchener Panthers,"July 16, 2025",,,,Aidan McAskie,Yadian Martinez,L,R,Offspeed,Foul,,,000,0.612649328,0.114748649,
Bottom 4,4,0,1,2,'1-2,Toronto Maple Leafs,Kitchener Panthers,"July 16, 2025",,,,Aidan McAskie,Yadian Martinez,L,R,Fastball,Ball,,,000,1.467894475,0.480663868,
Bottom 4,4,0,2,2,'2-2,Toronto Maple Leafs,Kitchener Panthers,"July 16, 2025",,,,Aidan McAskie,Yadian Martinez,L,R,Offspeed,Ball,,,000,0.913140866,-0.306053853,
Bottom 4,4,0,3,2,'3-2,Toronto Maple Leafs,Kitchener Panthers,"July 16, 2025",,,,Aidan McAskie,Yadian Martinez,L,R,Fastball,Strikeout Looking,,,000,-0.566202091,0.343445661,
Bottom 4,4,1,0,0,'0-0,Toronto Maple Leafs,Kitchener Panthers,"July 16, 2025",,,,Dan Marra,Yadian Martinez,R,R,Fastball,Ball,,,000,-1.490791439,0.938057891,
Bottom 4,4,1,1,0,'1-0,Toronto Maple Leafs,Kitchener Panthers,"July 16, 2025",,,,Dan Marra,Yadian Martinez,R,R,Fastball,Called Strike,,,000,0.104125187,0.471515987,
Bottom 4,4,1,1,1,'1-1,Toronto Maple Leafs,Kitchener Panthers,"July 16, 2025",,,,Dan Marra,Yadian Martinez,R,R,Offspeed,Ball,,,000,1.213632404,0.864874848,
Bottom 4,4,1,2,1,'2-1,Toronto Maple Leafs,Kitchener Panthers,"July 16, 2025",,,,Dan Marra,Yadian Martinez,R,R,Offspeed,Groundout,Ground Ball,Opposite Field,000,-0.242595819,0.297706258,
Bottom 4,4,2,0,0,'0-0,Toronto Maple Leafs,Kitchener Panthers,"July 16, 2025",,,,Spenser Ross,Yadian Martinez,R,R,Fastball,Called Strike,,,000,-0.635546292,0.691065119,
Bottom 4,4,2,0,1,'0-1,Toronto Maple Leafs,Kitchener Panthers,"July 16, 2025",,,,Spenser Ross,Yadian Martinez,R,R,Fastball,Ball,,,000,0.265928323,1.157607023,
Bottom 4,4,2,1,1,'1-1,Toronto Maple Leafs,Kitchener Panthers,"July 16, 2025",,,,Spenser Ross,Yadian Martinez,R,R,Fastball,Ball,,,000,-1.213414634,0.572142672,
Bottom 4,4,2,2,1,'2-1,Toronto Maple Leafs,Kitchener Panthers,"July 16, 2025",,,,Spenser Ross,Yadian Martinez,R,R,Offspeed,Ball,,,000,-1.467676705,-0.315201734,
Bottom 4,4,2,3,1,'3-1,Toronto Maple Leafs,Kitchener Panthers,"July 16, 2025",,,,Spenser Ross,Yadian Martinez,R,R,Fastball,Flyout,Fly Ball,Opposite Field,000,0.196584121,0.288558378,
Top 5,5,0,0,0,'0-0,Kitchener Panthers,Toronto Maple Leafs,"July 16, 2025",,,,Charlie Towers,Matt Brown,L,R,Fastball,Ball,,,000,0.529625714,0.9545747,
Top 5,5,0,1,0,'1-0,Kitchener Panthers,Toronto Maple Leafs,"July 16, 2025",,,,Charlie Towers,Matt Brown,L,R,Fastball,Ball,,,000,1.529397143,1.068879152,
Top 5,5,0,2,0,'2-0,Kitchener Panthers,Toronto Maple Leafs,"July 16, 2025",,,,Charlie Towers,Matt Brown,L,R,Offspeed,Ball,,,000,-0.82562,0.699587845,
Top 5,5,0,3,0,'3-0,Kitchener Panthers,Toronto Maple Leafs,"July 16, 2025",,,,Charlie Towers,Matt Brown,L,R,Fastball,Walk,,,000,0.396322857,1.218354205,
Top 5,5,0,0,0,'0-0,Kitchener Panthers,Toronto Maple Leafs,"July 16, 2025",,,1.34,Yosuke Fujie,Matt Brown,L,R,Fastball,Called Strike,,,100,0.351888571,0.682002544,
Top 5,5,0,0,1,'0-1,Kitchener Panthers,Toronto Maple Leafs,"July 16, 2025",,,1.43,Yosuke Fujie,Matt Brown,L,R,Fastball,Ball,,,100,1.529397143,0.514942191,
Top 5,5,0,1,1,'1-1,Kitchener Panthers,Toronto Maple Leafs,"July 16, 2025",,,,Yosuke Fujie,Matt Brown,L,R,Fastball,Foul,,,100,0.218585714,0.46218629,
Top 5,5,0,1,2,'1-2,Kitchener Panthers,Toronto Maple Leafs,"July 16, 2025",,,,Yosuke Fujie,Matt Brown,L,R,Fastball,Strikeout Swinging,,,100,0.662928571,0.198406784,
Top 5,5,1,0,0,'0-0,Kitchener Panthers,Toronto Maple Leafs,"July 16, 2025",,,1.28,Runte Osawa,Matt Brown,R,R,Fastball,Ball,,,100,-1.381048571,-0.197262473,
Top 5,5,1,1,0,'1-0,Kitchener Panthers,Toronto Maple Leafs,"July 16, 2025",,,,Runte Osawa,Matt Brown,R,R,Fastball,Flyout,Fly Ball,Opposite Field,010,0.040848571,0.585283392,
Top 5,5,2,0,0,'0-0,Kitchener Panthers,Toronto Maple Leafs,"July 16, 2025",,,,AJ Karosas,Matt Brown,R,R,Fastball,Ball,,,001,-1.647654286,0.057724382,
Top 5,5,2,1,0,'1-0,Kitchener Panthers,Toronto Maple Leafs,"July 16, 2025",,,,AJ Karosas,Matt Brown,R,R,Fastball,Called Strike,,,000,0.796231429,0.391845088,
Top 5,5,2,1,1,'1-1,Kitchener Panthers,Toronto Maple Leafs,"July 16, 2025",,,,AJ Karosas,Matt Brown,R,R,Fastball,Foul,,,000,0.174151429,0.365467138,
Top 5,5,2,1,2,'1-2,Kitchener Panthers,Toronto Maple Leafs,"July 16, 2025",,,,AJ Karosas,Matt Brown,R,R,Offspeed,Ball,,,000,0.640711429,-0.214847774,
Top 5,5,2,2,2,'2-2,Kitchener Panthers,Toronto Maple Leafs,"July 16, 2025",,,,AJ Karosas,Matt Brown,R,R,Fastball,Strikeout Swinging,,,000,0.329671429,0.646831943,
Bottom 5,5,0,0,0,'0-0,Toronto Maple Leafs,Kitchener Panthers,"July 16, 2025",,,,Ryan Dos Santos,Yadian Martinez,L,R,Offspeed,Ball,,,000,1.173922857,0.822684947,
Bottom 5,5,0,1,0,'1-0,Toronto Maple Leafs,Kitchener Panthers,"July 16, 2025",,,,Ryan Dos Santos,Yadian Martinez,L,R,Offspeed,Ball,,,000,1.462745714,0.49735689,
Bottom 5,5,0,2,0,'2-0,Toronto Maple Leafs,Kitchener Panthers,"July 16, 2025",,,,Ryan Dos Santos,Yadian Martinez,L,R,Fastball,Called Strike,,,000,0.462974286,0.796306996,
Bottom 5,5,0,2,1,'2-1,Toronto Maple Leafs,Kitchener Panthers,"July 16, 2025",,,,Ryan Dos Santos,Yadian Martinez,L,R,Fastball,Groundout,Ground Ball,Opposite Field,000,0.551842857,0.383052438,
Bottom 5,5,1,0,0,'0-0,Toronto Maple Leafs,Kitchener Panthers,"July 16, 2025",,,,Jhon Javier,Yadian Martinez,R,R,Fastball,Ball,,,000,-0.625665714,1.121635053,
Bottom 5,5,1,1,0,'1-0,Toronto Maple Leafs,Kitchener Panthers,"July 16, 2025",,,,Jhon Javier,Yadian Martinez,R,R,Fastball,Ball,,,000,1.307225714,0.778721696,
Bottom 5,5,1,2,0,'2-0,Toronto Maple Leafs,Kitchener Panthers,"July 16, 2025",,,,Jhon Javier,Yadian Martinez,R,R,Offspeed,Called Strike,,,000,-0.847837143,0.435808339,
Bottom 5,5,1,2,1,'2-1,Toronto Maple Leafs,Kitchener Panthers,"July 16, 2025",,,,Jhon Javier,Yadian Martinez,R,R,Fastball,Ball,,,000,-0.758968571,0.101687633,
Bottom 5,5,1,3,1,'3-1,Toronto Maple Leafs,Kitchener Panthers,"July 16, 2025",,,,Jhon Javier,Yadian Martinez,R,R,Fastball,Walk,,,000,0.596277143,0.189614134,
Bottom 5,5,1,0,0,'0-0,Toronto Maple Leafs,Kitchener Panthers,"July 16, 2025",,,,Jordan Castaldo,Yadian Martinez,L,R,Fastball,Groundout,Ground Ball,Straightaway,100,0.57406,0.646831943,
Bottom 5,5,2,0,0,'0-0,Toronto Maple Leafs,Kitchener Panthers,"July 16, 2025",,,,Dennis Dei Banning,Yadian Martinez,R,R,Offspeed,Swinging Strike,,,010,-0.936705714,-0.293981625,
Bottom 5,5,2,0,1,'0-1,Toronto Maple Leafs,Kitchener Panthers,"July 16, 2025",,,,Dennis Dei Banning,Yadian Martinez,R,R,Offspeed,Ball,,,010,-1.736522857,-0.179677173,
Bottom 5,5,2,1,1,'1-1,Toronto Maple Leafs,Kitchener Panthers,"July 16, 2025",,,,Dennis Dei Banning,Yadian Martinez,R,R,Fastball,Foul,,,010,0.751797143,0.690795194,
Bottom 5,5,2,1,2,'1-2,Toronto Maple Leafs,Kitchener Panthers,"July 16, 2025",,,,Dennis Dei Banning,Yadian Martinez,R,R,Offspeed,Ball,,,010,-1.314397143,-0.311566926,
Bottom 5,5,2,2,2,'2-2,Toronto Maple Leafs,Kitchener Panthers,"July 16, 2025",,,,Dennis Dei Banning,Yadian Martinez,R,R,Offspeed,Foul,,,010,-0.381277143,0.303918587,
Bottom 5,5,2,2,2,'2-2,Toronto Maple Leafs,Kitchener Panthers,"July 16, 2025",,,,Dennis Dei Banning,Yadian Martinez,R,R,Offspeed,Single,Line Drive,Opposite Field,010,-0.559014286,0.800703322,
Bottom 5,5,2,0,0,'0-0,Toronto Maple Leafs,Kitchener Panthers,"July 16, 2025",,,,Justin Marra,Yadian Martinez,L,R,Fastball,Called Strike,,,100,0.818448571,0.725965795,
Bottom 5,5,2,0,1,'0-1,Toronto Maple Leafs,Kitchener Panthers,"July 16, 2025",,,1.17,Justin Marra,Yadian Martinez,L,R,Fastball,Called Strike,,,100,0.818448571,0.347881837,
Bottom 5,5,2,0,2,'0-2,Toronto Maple Leafs,Kitchener Panthers,"July 16, 2025",,,1.02,Justin Marra,Yadian Martinez,L,R,Fastball,Ball,,,100,1.462745714,0.259955336,
Bottom 5,5,2,1,2,'1-2,Toronto Maple Leafs,Kitchener Panthers,"July 16, 2025",,,1.13,Justin Marra,Yadian Martinez,L,R,Fastball,Ball,,,100,1.307225714,0.295125936,
Bottom 5,5,2,2,2,'2-2,Toronto Maple Leafs,Kitchener Panthers,"July 16, 2025",,,1.09,Justin Marra,Yadian Martinez,L,R,Fastball,Strikeout Swinging,,,100,0.862882857,1.060086502,
Top 6,6,0,0,0,'0-0,Kitchener Panthers,Toronto Maple Leafs,"July 16, 2025",,,,Nicolas KyRose,Dylan Oborne,R,R,Fastball,Called Strike,,,000,-0.692317143,0.585283392,
Top 6,6,0,0,1,'0-1,Kitchener Panthers,Toronto Maple Leafs,"July 16, 2025",,,,Nicolas KyRose,Dylan Oborne,R,R,Fastball,Ball,,,000,1.484962857,0.312711237,
Top 6,6,0,1,1,'1-1,Kitchener Panthers,Toronto Maple Leafs,"July 16, 2025",,,,Nicolas KyRose,Dylan Oborne,R,R,Fastball,Ball,,,000,-1.736522857,0.312711237,
Top 6,6,0,2,1,'2-1,Kitchener Panthers,Toronto Maple Leafs,"July 16, 2025",,,,Nicolas KyRose,Dylan Oborne,R,R,Fastball,Swinging Strike,,,000,-0.470145714,0.761136396,
Top 6,6,0,2,2,'2-2,Kitchener Panthers,Toronto Maple Leafs,"July 16, 2025",,,,Nicolas KyRose,Dylan Oborne,R,R,Offspeed,Ball,,,000,0.840665714,0.427015689,
Top 6,6,0,3,2,'3-2,Kitchener Panthers,Toronto Maple Leafs,"July 16, 2025",,,,Nicolas KyRose,Dylan Oborne,R,R,Fastball,Foul,,,000,0.1075,0.532527491,
Top 6,6,0,3,2,'3-2,Kitchener Panthers,Toronto Maple Leafs,"July 16, 2025",,,,Nicolas KyRose,Dylan Oborne,R,R,Fastball,Walk,,,000,0.151934286,1.244732155,
Top 6,6,0,0,0,'0-0,Kitchener Panthers,Toronto Maple Leafs,"July 16, 2025",,,1.19,Yordan Manduley,Dylan Oborne,R,R,Fastball,Ball,,,100,-0.647882857,1.156805654,
Top 6,6,0,1,0,'1-0,Kitchener Panthers,Toronto Maple Leafs,"July 16, 2025",,,,Yordan Manduley,Dylan Oborne,R,R,Offspeed,Foul,,,100,0.462974286,0.45339364,
Top 6,6,0,1,1,'1-1,Kitchener Panthers,Toronto Maple Leafs,"July 16, 2025",,,1.09,Yordan Manduley,Dylan Oborne,R,R,Fastball,Foul,,,100,-0.403494286,0.928196749,
Top 6,6,0,1,2,'1-2,Kitchener Panthers,Toronto Maple Leafs,"July 16, 2025",,,,Yordan Manduley,Dylan Oborne,R,R,Offspeed,Double Play,Ground Ball,Straightaway,100,-0.647882857,0.743551095,
Top 6,6,2,0,0,'0-0,Kitchener Panthers,Toronto Maple Leafs,"July 16, 2025",,,,Mateo Zeppieri,Dylan Oborne,L,R,Fastball,Ball,,,000,0.818448571,0.849062898,
Top 6,6,2,1,0,'1-0,Kitchener Panthers,Toronto Maple Leafs,"July 16, 2025",,,,Mateo Zeppieri,Dylan Oborne,L,R,Fastball,Ball,,,000,0.151934286,1.174390954,
Top 6,6,2,2,0,'2-0,Kitchener Panthers,Toronto Maple Leafs,"July 16, 2025",,,,Mateo Zeppieri,Dylan Oborne,L,R,Offspeed,Called Strike,,,000,0.796231429,0.541320141,
Top 6,6,2,2,1,'2-1,Kitchener Panthers,Toronto Maple Leafs,"July 16, 2025",,,,Mateo Zeppieri,Dylan Oborne,L,R,Fastball,Foul,,,000,-0.35906,0.910611449,
Top 6,6,2,2,2,'2-2,Kitchener Panthers,Toronto Maple Leafs,"July 16, 2025",,,,Mateo Zeppieri,Dylan Oborne,L,R,Offspeed,Ball,,,000,0.018631429,-0.267603675,
Top 6,6,2,3,2,'3-2,Kitchener Panthers,Toronto Maple Leafs,"July 16, 2025",,,,Mateo Zeppieri,Dylan Oborne,L,R,Fastball,Walk,,,000,1.19614,0.875440848,
Top 6,6,2,0,0,'0-0,Kitchener Panthers,Toronto Maple Leafs,"July 16, 2025",,,,Yosvani Penalver,Dylan Oborne,L,R,Fastball,Ball,,,100,-1.581002857,0.259955336,
Top 6,6,2,1,0,'1-0,Kitchener Panthers,Toronto Maple Leafs,"July 16, 2025",,,1.33,Yosvani Penalver,Dylan Oborne,L,R,Fastball,Ball,,,100,1.240574286,0.611661343,
Top 6,6,2,2,0,'2-0,Kitchener Panthers,Toronto Maple Leafs,"July 16, 2025",,,1.11,Yosvani Penalver,Dylan Oborne,L,R,Fastball,Ball,,,100,-0.025802857,1.112842403,
Top 6,6,2,3,0,'3-0,Kitchener Panthers,Toronto Maple Leafs,"July 16, 2025",,,1.28,Yosvani Penalver,Dylan Oborne,L,R,Fastball,Called Strike,,,100,-0.536797143,0.673209894,
Top 6,6,2,3,1,'3-1,Kitchener Panthers,Toronto Maple Leafs,"July 16, 2025",,,,Yosvani Penalver,Dylan Oborne,L,R,Fastball,Flyout,Fly Ball,Straightaway,100,0.285237143,0.769929046,
Bottom 6,6,0,0,0,'0-0,Toronto Maple Leafs,Kitchener Panthers,"July 16, 2025",,,,Chad Picton,Yadian Martinez,R,R,Fastball,Ball,,,000,0.129717143,-0.109335972,
Bottom 6,6,0,1,0,'1-0,Toronto Maple Leafs,Kitchener Panthers,"July 16, 2025",,,,Chad Picton,Yadian Martinez,R,R,Fastball,Swinging Strike,,,000,0.085282857,0.576490742,
Bottom 6,6,0,1,1,'1-1,Toronto Maple Leafs,Kitchener Panthers,"July 16, 2025",,,,Chad Picton,Yadian Martinez,R,R,Fastball,Groundout,Ground Ball,Opposite Field,000,0.085282857,0.47097894,
Bottom 6,6,1,0,0,'0-0,Toronto Maple Leafs,Kitchener Panthers,"July 16, 2025",,,,Aidan McAskie,Yadian Martinez,L,R,Offspeed,Swinging Strike,,,000,0.640711429,0.49735689,
Bottom 6,6,1,0,1,'0-1,Toronto Maple Leafs,Kitchener Panthers,"July 16, 2025",,,,Aidan McAskie,Yadian Martinez,L,R,Offspeed,Ball,,,000,-0.403494286,-0.214847774,
Bottom 6,6,1,1,1,'1-1,Toronto Maple Leafs,Kitchener Panthers,"July 16, 2025",,,,Aidan McAskie,Yadian Martinez,L,R,Fastball,Swinging Strike,,,000,0.662928571,0.717173145,
Bottom 6,6,1,1,2,'1-2,Toronto Maple Leafs,Kitchener Panthers,"July 16, 2025",,,,Aidan McAskie,Yadian Martinez,L,R,Fastball,Ball,,,000,1.618265714,0.945782049,
Bottom 6,6,1,2,2,'2-2,Toronto Maple Leafs,Kitchener Panthers,"July 16, 2025",,,,Aidan McAskie,Yadian Martinez,L,R,Offspeed,Ball,,,000,0.196368571,-0.302774276,
Bottom 6,6,1,3,2,'3-2,Toronto Maple Leafs,Kitchener Panthers,"July 16, 2025",,,,Aidan McAskie,Yadian Martinez,L,R,Fastball,Groundout,Ground Ball,Pull,000,0.440757143,0.259955336,
Bottom 6,6,2,0,0,'0-0,Toronto Maple Leafs,Kitchener Panthers,"July 16, 2025",,,,Dan Marra,Yadian Martinez,R,R,Fastball,Ball,,,000,-0.692317143,0.207199435,
Bottom 6,6,2,1,0,'1-0,Toronto Maple Leafs,Kitchener Panthers,"July 16, 2025",,,,Dan Marra,Yadian Martinez,R,R,Offspeed,Called Strike,,,000,-0.025802857,0.805099647,
Bottom 6,6,2,1,1,'1-1,Toronto Maple Leafs,Kitchener Panthers,"July 16, 2025",,,,Dan Marra,Yadian Martinez,R,R,Offspeed,Ball,,,000,-0.559014286,-0.082958021,
Bottom 6,6,2,2,1,'2-1,Toronto Maple Leafs,Kitchener Panthers,"July 16, 2025",,,,Dan Marra,Yadian Martinez,R,R,Fastball,Called Strike,,,000,0.307454286,0.558905442,
Bottom 6,6,2,2,2,'2-2,Toronto Maple Leafs,Kitchener Panthers,"July 16, 2025",,,,Dan Marra,Yadian Martinez,R,R,Offspeed,Foul,,,000,0.618494286,0.356674488,
Bottom 6,6,2,2,2,'2-2,Toronto Maple Leafs,Kitchener Panthers,"July 16, 2025",,,,Dan Marra,Yadian Martinez,R,R,Offspeed,Ball,,,000,-1.425482857,-0.267603675,
Bottom 6,6,2,3,2,'3-2,Toronto Maple Leafs,Kitchener Panthers,"July 16, 2025",,,,Dan Marra,Yadian Martinez,R,R,Fastball,Walk,,,000,-0.403494286,-0.056580071,
Bottom 6,6,2,0,0,'0-0,Toronto Maple Leafs,Kitchener Panthers,"July 16, 2025",,,1.1,Spenser Ross,Yadian Martinez,R,R,Offspeed,Called Strike,,,100,-0.292408571,0.427015689,
Bottom 6,6,2,0,1,'0-1,Toronto Maple Leafs,Kitchener Panthers,"July 16, 2025",,,,Spenser Ross,Yadian Martinez,R,R,Offspeed,Swinging Strike,,,100,-0.82562,-0.346737527,
Bottom 6,6,2,0,2,'0-2,Toronto Maple Leafs,Kitchener Panthers,"July 16, 2025",,,,Spenser Ross,Yadian Martinez,R,R,Fastball,Ball,,,100,-0.20354,1.227146855,
Bottom 6,6,2,1,2,'1-2,Toronto Maple Leafs,Kitchener Panthers,"July 16, 2025",,,1.23,Spenser Ross,Yadian Martinez,R,R,Offspeed,Groundout,Ground Ball,Straightaway,100,-0.447928571,0.46218629,
Top 7,7,0,0,0,'0-0,Kitchener Panthers,Toronto Maple Leafs,"July 16, 2025",,,,Yunior Ibarra,Ayami Sato,R,R,Offspeed,Swinging Strike,,,000,0.129717143,-0.276396325,
Top 7,7,0,0,1,'0-1,Kitchener Panthers,Toronto Maple Leafs,"July 16, 2025",,,,Yunior Ibarra,Ayami Sato,R,R,Offspeed,Double,Line Drive,Straightaway,000,-0.647882857,0.145650883,
Top 7,7,0,0,0,'0-0,Kitchener Panthers,Toronto Maple Leafs,"July 16, 2025",,,,Charlie Towers,Ayami Sato,L,R,Fastball,Single,Line Drive,Opposite Field,010,-0.159105714,0.330296537,
Top 7,7,0,0,0,'0-0,Kitchener Panthers,Toronto Maple Leafs,"July 16, 2025",,,,Yosuke Fujie,Ayami Sato,L,R,Fastball,Ball,,,101,1.35166,0.215992085,
Top 7,7,0,1,0,'1-0,Kitchener Panthers,Toronto Maple Leafs,"July 16, 2025",,,,Yosuke Fujie,Ayami Sato,L,R,Fastball,Called Strike,,,011,0.640711429,0.514942191,
Top 7,7,0,1,1,'1-1,Kitchener Panthers,Toronto Maple Leafs,"July 16, 2025",,,,Yosuke Fujie,Ayami Sato,L,R,Fastball,Swinging Strike,,,011,0.685145714,0.163236184,
Top 7,7,0,1,2,'1-2,Kitchener Panthers,Toronto Maple Leafs,"July 16, 2025",,,,Yosuke Fujie,Ayami Sato,L,R,Offspeed,Strikeout Looking,,,011,0.307454286,0.365467138,
Top 7,7,1,0,0,'0-0,Kitchener Panthers,Toronto Maple Leafs,"July 16, 2025",,,,Runte Osawa,Ayami Sato,R,R,Fastball,Swinging Strike,,,011,0.507408571,0.057724382,
Top 7,7,1,0,1,'0-1,Kitchener Panthers,Toronto Maple Leafs,"July 16, 2025",,,,Runte Osawa,Ayami Sato,R,R,Offspeed,Ball,,,011,-0.625665714,-0.293981625,
Top 7,7,1,1,1,'1-1,Kitchener Panthers,Toronto Maple Leafs,"July 16, 2025",,,,Runte Osawa,Ayami Sato,R,R,Fastball,Ball,,,011,-0.692317143,0.119272933,
Top 7,7,1,2,1,'2-1,Kitchener Panthers,Toronto Maple Leafs,"July 16, 2025",,,,Runte Osawa,Ayami Sato,R,R,Offspeed,Ball,,,011,-0.892271429,-0.373115477,
Top 7,7,1,3,1,'3-1,Kitchener Panthers,Toronto Maple Leafs,"July 16, 2025",,,,Runte Osawa,Ayami Sato,R,R,Offspeed,Flyout,Fly Ball,Straightaway,011,-0.025802857,0.682002544,
Top 7,7,2,0,0,'0-0,Kitchener Panthers,Toronto Maple Leafs,"July 16, 2025",,,,AJ Karosas,Ayami Sato,L,R,Offspeed,Called Strike,,,011,-0.025802857,0.787514346,
Top 7,7,2,0,1,'0-1,Kitchener Panthers,Toronto Maple Leafs,"July 16, 2025",,,,AJ Karosas,Ayami Sato,L,R,Fastball,Single,Ground Ball,Opposite Field,011,0.41854,0.374259788,
Top 7,7,2,0,0,'0-0,Kitchener Panthers,Toronto Maple Leafs,"July 16, 2025",,,,Nicolas KyRose,Ayami Sato,R,R,Offspeed,Swinging Strike,,,100,-0.6701,0.47977159,
Top 7,7,2,0,1,'0-1,Kitchener Panthers,Toronto Maple Leafs,"July 16, 2025",,,1.16,Nicolas KyRose,Ayami Sato,R,R,Offspeed,Ball,,,100,0.26302,-0.390700777,
Top 7,7,2,1,1,'1-1,Kitchener Panthers,Toronto Maple Leafs,"July 16, 2025",,,,Nicolas KyRose,Ayami Sato,R,R,Fastball,Double,Fly Ball,Opposite Field,100,-0.492362857,0.330296537,
Top 7,7,2,0,0,'0-0,Kitchener Panthers,Toronto Maple Leafs,"July 16, 2025",,,,,Ayami Sato,R,R,,Additional Out,,,100,,,
Bottom 7,7,0,0,0,'0-0,Toronto Maple Leafs,Kitchener Panthers,"July 16, 2025",,,,Ryan Dos Santos,Kade Kozak,L,L,Fastball,Called Strike,,,000,0.485191429,0.312711237,
Bottom 7,7,0,0,1,'0-1,Toronto Maple Leafs,Kitchener Panthers,"July 16, 2025",,,,Ryan Dos Santos,Kade Kozak,L,L,Fastball,Foul,,,000,-0.003585714,0.602868693,
Bottom 7,7,0,0,2,'0-2,Toronto Maple Leafs,Kitchener Panthers,"July 16, 2025",,,,Ryan Dos Santos,Kade Kozak,L,L,Fastball,Foul,,,000,0.351888571,0.233577385,
Bottom 7,7,0,0,2,'0-2,Toronto Maple Leafs,Kitchener Panthers,"July 16, 2025",,,,Ryan Dos Santos,Kade Kozak,L,L,Offspeed,Ball,,,000,-1.247745714,0.523734841,
Bottom 7,7,0,1,2,'1-2,Toronto Maple Leafs,Kitchener Panthers,"July 16, 2025",,,,Ryan Dos Santos,Kade Kozak,L,L,Fastball,Strikeout Swinging,,,000,0.196368571,0.778721696,
Bottom 7,7,1,0,0,'0-0,Toronto Maple Leafs,Kitchener Panthers,"July 16, 2025",,,,Jhon Javier,Kade Kozak,R,L,Fastball,Ball,,,000,-1.247745714,0.813892297,
Bottom 7,7,1,1,0,'1-0,Toronto Maple Leafs,Kitchener Panthers,"July 16, 2025",,,,Jhon Javier,Kade Kozak,R,L,Fastball,Foul,,,000,0.085282857,0.541320141,
Bottom 7,7,1,1,1,'1-1,Toronto Maple Leafs,Kitchener Panthers,"July 16, 2025",,,,Jhon Javier,Kade Kozak,R,L,Fastball,Swinging Strike,,,000,-0.470145714,0.673209894,
Bottom 7,7,1,1,2,'1-2,Toronto Maple Leafs,Kitchener Panthers,"July 16, 2025",,,,Jhon Javier,Kade Kozak,R,L,Offspeed,Foul,,,000,0.596277143,0.541320141,
Bottom 7,7,1,1,2,'1-2,Toronto Maple Leafs,Kitchener Panthers,"July 16, 2025",,,,Jhon Javier,Kade Kozak,R,L,Fastball,Flyout,Fly Ball,Opposite Field,000,-0.51458,0.172028834,
Bottom 7,7,2,0,0,'0-0,Toronto Maple Leafs,Kitchener Panthers,"July 16, 2025",,,,Jordan Castaldo,Kade Kozak,L,L,Fastball,Called Strike,,,000,-0.20354,0.427015689,
Bottom 7,7,2,0,1,'0-1,Toronto Maple Leafs,Kitchener Panthers,"July 16, 2025",,,,Jordan Castaldo,Kade Kozak,L,L,Fastball,Popout,Pop Up,Opposite Field,000,0.307454286,0.312711237,
Top 8,8,0,0,0,'0-0,Kitchener Panthers,Toronto Maple Leafs,"July 16, 2025",,,,Yordan Manduley,Marek Deska,R,R,Fastball,Hit By Pitch,,,000,1.640482857,0.875440848,
Top 8,8,0,0,0,'0-0,Kitchener Panthers,Toronto Maple Leafs,"July 16, 2025",,,,Mateo Zeppieri,Marek Deska,L,R,Fastball,Ball,,,100,0.374105714,0.875440848,
Top 8,8,0,1,0,'1-0,Kitchener Panthers,Toronto Maple Leafs,"July 16, 2025",,,,Mateo Zeppieri,Marek Deska,L,R,Fastball,Ball,,,010,1.19614,0.365467138,
Top 8,8,0,2,0,'2-0,Kitchener Panthers,Toronto Maple Leafs,"July 16, 2025",,,,Mateo Zeppieri,Marek Deska,L,R,Fastball,Ball,,,010,1.240574286,0.673209894,
Top 8,8,0,3,0,'3-0,Kitchener Panthers,Toronto Maple Leafs,"July 16, 2025",,,,Mateo Zeppieri,Marek Deska,L,R,Fastball,Walk,,,010,0.596277143,1.156805654,
Top 8,8,0,0,0,'0-0,Kitchener Panthers,Toronto Maple Leafs,"July 16, 2025",,,,Yosvani Penalver,Marek Deska,L,R,Offspeed,Called Strike,,,110,0.57406,0.435808339,
Top 8,8,0,0,1,'0-1,Kitchener Panthers,Toronto Maple Leafs,"July 16, 2025",,,,Yosvani Penalver,Marek Deska,L,R,Offspeed,Groundout,Ground Ball,Pull,110,0.618494286,0.189614134,
Top 8,8,1,0,0,'0-0,Kitchener Panthers,Toronto Maple Leafs,"July 16, 2025",,,,Yunior Ibarra,Marek Deska,R,R,Fastball,Groundout,Ground Ball,Straightaway,001,0.218585714,0.717173145,
Top 8,8,2,0,0,'0-0,Kitchener Panthers,Toronto Maple Leafs,"July 16, 2025",,,,Charlie Towers,Marek Deska,R,R,Fastball,Ball,,,000,-0.470145714,0.277540636,
Top 8,8,2,1,0,'1-0,Kitchener Panthers,Toronto Maple Leafs,"July 16, 2025",,,,Charlie Towers,Marek Deska,R,R,Fastball,Swinging Strike,,,000,0.151934286,0.532527491,
Top 8,8,2,1,1,'1-1,Kitchener Panthers,Toronto Maple Leafs,"July 16, 2025",,,,Charlie Towers,Marek Deska,R,R,Fastball,Ball,,,000,-0.025802857,1.104049753,
Top 8,8,2,2,1,'2-1,Kitchener Panthers,Toronto Maple Leafs,"July 16, 2025",,,,Charlie Towers,Marek Deska,R,R,Offspeed,Called Strike,,,000,0.596277143,0.638039293,
Top 8,8,2,2,2,'2-2,Kitchener Panthers,Toronto Maple Leafs,"July 16, 2025",,,,Charlie Towers,Marek Deska,R,R,Fastball,Foul,,,000,0.151934286,1.086464452,
Top 8,8,2,2,2,'2-2,Kitchener Panthers,Toronto Maple Leafs,"July 16, 2025",,,,Charlie Towers,Marek Deska,R,R,Offspeed,Ball,,,000,-0.025802857,-0.223640424,
Top 8,8,2,3,2,'3-2,Kitchener Panthers,Toronto Maple Leafs,"July 16, 2025",,,,Charlie Towers,Marek Deska,R,R,Fastball,Flyout,Fly Ball,Opposite Field,000,0.41854,1.156805654,
Bottom 8,8,0,0,0,'0-0,Toronto Maple Leafs,Kitchener Panthers,"July 16, 2025",,,,Dennis Dei Banning,Kade Kozak,R,L,Fastball,Ball,,,000,-1.91426,1.121635053,
Bottom 8,8,0,1,0,'1-0,Toronto Maple Leafs,Kitchener Panthers,"July 16, 2025",,,,Dennis Dei Banning,Kade Kozak,R,L,Fastball,Double,Line Drive,Pull,000,0.529625714,0.092894982,
Bottom 8,8,0,0,0,'0-0,Toronto Maple Leafs,Kitchener Panthers,"July 16, 2025",,,,Justin Marra,Kade Kozak,L,L,Fastball,Called Strike,,,010,0.396322857,0.541320141,
Bottom 8,8,0,0,1,'0-1,Toronto Maple Leafs,Kitchener Panthers,"July 16, 2025",,,,Justin Marra,Kade Kozak,L,L,Fastball,Ball,,,010,0.018631429,-0.065372721,
Bottom 8,8,0,1,1,'1-1,Toronto Maple Leafs,Kitchener Panthers,"July 16, 2025",,,,Justin Marra,Kade Kozak,L,L,Fastball,Called Strike,,,010,0.507408571,0.49735689,
Bottom 8,8,0,1,2,'1-2,Toronto Maple Leafs,Kitchener Panthers,"July 16, 2025",,,,Justin Marra,Kade Kozak,L,L,Fastball,Foul,,,010,0.440757143,0.664417244,
Bottom 8,8,0,1,2,'1-2,Toronto Maple Leafs,Kitchener Panthers,"July 16, 2025",,,,Justin Marra,Kade Kozak,L,L,Offspeed,Ball,,,010,-0.04802,1.244732155,
Bottom 8,8,0,2,2,'2-2,Toronto Maple Leafs,Kitchener Panthers,"July 16, 2025",,,,Justin Marra,Kade Kozak,L,L,Fastball,Strikeout Looking,,,010,0.551842857,0.435808339,
Bottom 8,8,1,0,0,'0-0,Toronto Maple Leafs,Kitchener Panthers,"July 16, 2025",,,,Aidan McAskie,Kade Kozak,L,L,Fastball,Ball,,,010,0.907317143,-0.267603675,
Bottom 8,8,1,1,0,'1-0,Toronto Maple Leafs,Kitchener Panthers,"July 16, 2025",,,,Aidan McAskie,Kade Kozak,L,L,Fastball,Foul,,,010,0.174151429,0.277540636,
Bottom 8,8,1,1,1,'1-1,Toronto Maple Leafs,Kitchener Panthers,"July 16, 2025",,,,Aidan McAskie,Kade Kozak,L,L,Fastball,Foul,,,010,-0.35906,0.673209894,
Bottom 8,8,1,1,2,'1-2,Toronto Maple Leafs,Kitchener Panthers,"July 16, 2025",,,,Aidan McAskie,Kade Kozak,L,L,Offspeed,Foul,,,010,0.751797143,0.47977159,
Bottom 8,8,1,1,2,'1-2,Toronto Maple Leafs,Kitchener Panthers,"July 16, 2025",,,,Aidan McAskie,Kade Kozak,L,L,Fastball,Foul,,,010,0.662928571,0.523734841,
Bottom 8,8,1,1,2,'1-2,Toronto Maple Leafs,Kitchener Panthers,"July 16, 2025",,,,Aidan McAskie,Kade Kozak,L,L,Fastball,Flyout,Fly Ball,Opposite Field,010,0.596277143,0.690795194,
Bottom 8,8,2,0,0,'0-0,Toronto Maple Leafs,Kitchener Panthers,"July 16, 2025",,,,Kalayo Shaw,Kade Kozak,R,L,Fastball,Ball,,,010,0.018631429,1.112842403,
Bottom 8,8,2,1,0,'1-0,Toronto Maple Leafs,Kitchener Panthers,"July 16, 2025",,,,Kalayo Shaw,Kade Kozak,R,L,Fastball,Ball,,,010,-0.20354,1.174390954,
Bottom 8,8,2,2,0,'2-0,Toronto Maple Leafs,Kitchener Panthers,"July 16, 2025",,,,Kalayo Shaw,Kade Kozak,R,L,Fastball,Ball,,,010,-1.336614286,-0.276396325,
Bottom 8,8,2,3,0,'3-0,Toronto Maple Leafs,Kitchener Panthers,"July 16, 2025",,,,Kalayo Shaw,Kade Kozak,R,L,Fastball,Called Strike,,,010,0.285237143,0.347881837,
Bottom 8,8,2,3,1,'3-1,Toronto Maple Leafs,Kitchener Panthers,"July 16, 2025",,,,Kalayo Shaw,Kade Kozak,R,L,Fastball,Foul,,,010,-0.04802,0.919404099,
Bottom 8,8,2,3,2,'3-2,Toronto Maple Leafs,Kitchener Panthers,"July 16, 2025",,,,Kalayo Shaw,Kade Kozak,R,L,Fastball,Foul,,,010,-0.092454286,0.523734841,
Bottom 8,8,2,3,2,'3-2,Toronto Maple Leafs,Kitchener Panthers,"July 16, 2025",,,,Kalayo Shaw,Kade Kozak,R,L,Fastball,Foul,,,010,0.196368571,0.523734841,
Bottom 8,8,2,3,2,'3-2,Toronto Maple Leafs,Kitchener Panthers,"July 16, 2025",,,,Kalayo Shaw,Kade Kozak,R,L,Fastball,Strikeout Swinging,,,010,-0.82562,-0.056580071,
Top 9,9,0,0,0,'0-0,Kitchener Panthers,Toronto Maple Leafs,"July 16, 2025",,,,Caleb Cain-Plante,Jeremy Newton,R,R,Fastball,Called Strike,,,000,-0.536797143,0.576490742,
Top 9,9,0,0,1,'0-1,Kitchener Panthers,Toronto Maple Leafs,"July 16, 2025",,,,Caleb Cain-Plante,Jeremy Newton,R,R,Fastball,Called Strike,,,000,-0.914488571,0.514942191,
Top 9,9,0,0,2,'0-2,Kitchener Panthers,Toronto Maple Leafs,"July 16, 2025",,,,Caleb Cain-Plante,Jeremy Newton,R,R,Offspeed,Strikeout Swinging,,,000,-1.4477,0.673209894,
Top 9,9,1,0,0,'0-0,Kitchener Panthers,Toronto Maple Leafs,"July 16, 2025",,,,Trent Lawson,Jeremy Newton,R,R,Offspeed,Called Strike,,,000,-0.581231429,0.787514346,
Top 9,9,1,0,1,'0-1,Kitchener Panthers,Toronto Maple Leafs,"July 16, 2025",,,,Trent Lawson,Jeremy Newton,R,R,Fastball,Ball,,,000,-0.647882857,0.136858233,
Top 9,9,1,1,1,'1-1,Kitchener Panthers,Toronto Maple Leafs,"July 16, 2025",,,,Trent Lawson,Jeremy Newton,R,R,Offspeed,Ball,,,000,-1.13666,0.884233498,
Top 9,9,1,2,1,'2-1,Kitchener Panthers,Toronto Maple Leafs,"July 16, 2025",,,,Trent Lawson,Jeremy Newton,R,R,Fastball,Ball,,,000,-1.780957143,0.321503887,
Top 9,9,1,3,1,'3-1,Kitchener Panthers,Toronto Maple Leafs,"July 16, 2025",,,,Trent Lawson,Jeremy Newton,R,R,Fastball,Popout,Pop Up,Pull,000,0.796231429,0.567698092,
Top 9,9,2,0,0,'0-0,Kitchener Panthers,Toronto Maple Leafs,"July 16, 2025",,,,AJ Karosas,Jeremy Newton,L,R,Fastball,Swinging Strike,,,000,-0.35906,0.787514346,
Top 9,9,2,0,1,'0-1,Kitchener Panthers,Toronto Maple Leafs,"July 16, 2025",,,,AJ Karosas,Jeremy Newton,L,R,Fastball,Ball,,,000,0.26302,1.209561555,
Top 9,9,2,1,1,'1-1,Kitchener Panthers,Toronto Maple Leafs,"July 16, 2025",,,,AJ Karosas,Jeremy Newton,L,R,Offspeed,Swinging Strike,,,000,-0.003585714,0.717173145,
Top 9,9,2,1,2,'1-2,Kitchener Panthers,Toronto Maple Leafs,"July 16, 2025",,,,AJ Karosas,Jeremy Newton,L,R,Offspeed,Foul,,,000,-0.581231429,0.277540636,
Top 9,9,2,1,2,'1-2,Kitchener Panthers,Toronto Maple Leafs,"July 16, 2025",,,,AJ Karosas,Jeremy Newton,L,R,Fastball,Popout,Pop Up,Opposite Field,000,0.26302,0.831477597,
Bottom 9,9,0,0,0,'0-0,Toronto Maple Leafs,Kitchener Panthers,"July 16, 2025",,,,Dan Marra,Danny Garcia,R,R,Fastball,Called Strike,,,000,-0.070237143,0.813892297,
Bottom 9,9,0,0,1,'0-1,Toronto Maple Leafs,Kitchener Panthers,"July 16, 2025",,,,Dan Marra,Danny Garcia,R,R,Offspeed,Called Strike,,,000,-0.559014286,0.409430389,
Bottom 9,9,0,0,2,'0-2,Toronto Maple Leafs,Kitchener Panthers,"July 16, 2025",,,,Dan Marra,Danny Garcia,R,R,Fastball,Strikeout Looking,,,000,-0.803402857,0.875440848,
Bottom 9,9,1,0,0,'0-0,Toronto Maple Leafs,Kitchener Panthers,"July 16, 2025",,,,Spenser Ross,Danny Garcia,R,R,Offspeed,Flyout,Fly Ball,Pull,000,0.018631429,0.47097894,
Bottom 9,9,2,0,0,'0-0,Toronto Maple Leafs,Kitchener Panthers,"July 16, 2025",,,,Ryan Dos Santos,Danny Garcia,L,R,Fastball,Called Strike,,,000,0.707362857,0.541320141,
Bottom 9,9,2,0,1,'0-1,Toronto Maple Leafs,Kitchener Panthers,"July 16, 2025",,,,Ryan Dos Santos,Danny Garcia,L,R,Offspeed,Ball,,,000,0.951751429,-0.302774276,
Bottom 9,9,2,1,1,'1-1,Toronto Maple Leafs,Kitchener Panthers,"July 16, 2025",,,,Ryan Dos Santos,Danny Garcia,L,R,Offspeed,Foul,,,000,0.240802857,0.356674488,
Bottom 9,9,2,1,2,'1-2,Toronto Maple Leafs,Kitchener Panthers,"July 16, 2025",,,,Ryan Dos Santos,Danny Garcia,L,R,Fastball,Flyout,Fly Ball,Straightaway,000,0.41854,0.356674488,