Half Inning,Inning,Outs,Balls,Strikes,Count,Batter_Team,Pitcher_Team,Date,Home Team,Away Team,,Batter,Pitcher,Batter_Side,Pitcher_Side,Pitch_Type,Outcome,Quality of Contact,Spray Chart,Runners,Pitch_Location_X,Pitch_Location_Y,REMEMBER TO INSERT THE X AND Y POINTS AFTER EVERY HALF INNING! DON'T MISCLICK PLOTS
Top 1,1,0,0,0,'0-0,London Majors,Toronto Maple Leafs,"May 18, 2025",Toronto Maple Leafs,London Majors,,Toby Simmons,Ayami Sato,L,R,Fastball,Called Strike,,,000,0.640381,0.159058,
Top 1,1,0,0,1,'0-1,London Majors,Toronto Maple Leafs,"May 18, 2025",,,,Toby Simmons,Ayami Sato,L,R,Offspeed,Swinging Strike,,,000,0.421042,-0.10136,
Top 1,1,0,0,2,'0-2,London Majors,Toronto Maple Leafs,"May 18, 2025",,,,Toby Simmons,Ayami Sato,L,R,Fastball,Popout,,,000,-0.65571,0.308995,
Top 1,1,1,0,0,'0-0,London Majors,Toronto Maple Leafs,"May 18, 2025",,,,Francisco Fajardo,Ayami Sato,L,R,Offspeed,Ball,,,000,1.238578,-0.2434,
Top 1,1,1,1,0,'1-0,London Majors,Toronto Maple Leafs,"May 18, 2025",,,,Francisco Fajardo,Ayami Sato,L,R,Offspeed,Ball,,,000,1.138878,1.161267,
Top 1,1,1,2,0,'2-0,London Majors,Toronto Maple Leafs,"May 18, 2025",,,,Francisco Fajardo,Ayami Sato,L,R,Offspeed,Single,Fly Ball,Opposite Field,000,0.77996,0.269538,
Top 1,1,1,0,0,'0-0,London Majors,Toronto Maple Leafs,"May 18, 2025",,,,Kaiden Cardoso,Ayami Sato,L,R,Offspeed,Ball,,,100,1.118938,-0.07768,
Top 1,1,1,1,0,'1-0,London Majors,Toronto Maple Leafs,"May 18, 2025",,,,Kaiden Cardoso,Ayami Sato,L,R,Offspeed,Home Run,Fly Ball,Pull,010,-0.13728,0.56152,
Top 1,1,1,0,0,'0-0,London Majors,Toronto Maple Leafs,"May 18, 2025",,,,Eduardo De Oleo,Ayami Sato,L,R,Fastball,Ball,,,000,-1.19409,-0.2434,
Top 1,1,1,1,0,'1-0,London Majors,Toronto Maple Leafs,"May 18, 2025",,,,Eduardo De Oleo,Ayami Sato,L,R,Offspeed,Swinging Strike,,,000,0.141883,-0.20395,
Top 1,1,1,1,1,'1-1,London Majors,Toronto Maple Leafs,"May 18, 2025",,,,Eduardo De Oleo,Ayami Sato,L,R,Offspeed,Foul,,,000,0.341282,-0.12503,
Top 1,1,1,1,2,'1-2,London Majors,Toronto Maple Leafs,"May 18, 2025",,,,Eduardo De Oleo,Ayami Sato,L,R,Offspeed,Ball,,,000,-1.49319,-0.21973,
Top 1,1,1,2,2,'2-2,London Majors,Toronto Maple Leafs,"May 18, 2025",,,,Eduardo De Oleo,Ayami Sato,L,R,Offspeed,Ball,,,000,-1.17415,-0.10136,
Top 1,1,1,3,2,'3-2,London Majors,Toronto Maple Leafs,"May 18, 2025",,,,Eduardo De Oleo,Ayami Sato,L,R,Offspeed,Foul,,,000,0.301402,0.458932,
Top 1,1,1,3,2,'3-2,London Majors,Toronto Maple Leafs,"May 18, 2025",,,,Eduardo De Oleo,Ayami Sato,L,R,Offspeed,Home Run,,,000,0.022244,0.190624,
Top 1,1,1,0,0,'0-0,London Majors,Toronto Maple Leafs,"May 18, 2025",,,,Byron Reichstein,Ayami Sato,L,R,Fastball,Home Run,Fly Ball,Straightaway,000,0.560621,0.458932,
Top 1,1,1,0,0,'0-0,London Majors,Toronto Maple Leafs,"May 18, 2025",,,,Ty Mosher,Ayami Sato,L,R,Offspeed,Ball,,,000,1.158818,0.340561,
Top 1,1,1,1,0,'1-0,London Majors,Toronto Maple Leafs,"May 18, 2025",,,,Ty Mosher,Ayami Sato,L,R,Fastball,Foul,,,000,-0.63577,0.230081,
Top 1,1,1,1,1,'1-1,London Majors,Toronto Maple Leafs,"May 18, 2025",,,,Ty Mosher,Ayami Sato,L,R,Offspeed,Ball,,,000,-0.55601,-0.18027,
Top 1,1,1,2,1,'2-1,London Majors,Toronto Maple Leafs,"May 18, 2025",,,,Ty Mosher,Ayami Sato,L,R,Offspeed,Ball,,,000,0.919539,-0.11714,
Top 1,1,1,3,1,'3-1,London Majors,Toronto Maple Leafs,"May 18, 2025",,,,Ty Mosher,Ayami Sato,L,R,Offspeed,Swinging Strike,,,000,0.540681,0.103819,
Top 1,1,1,3,2,'3-2,London Majors,Toronto Maple Leafs,"May 18, 2025",,,,Ty Mosher,Ayami Sato,L,R,Offspeed,Strikeout Swinging,,,000,-0.21704,0.451041,
Top 1,1,2,0,0,'0-0,London Majors,Toronto Maple Leafs,"May 18, 2025",,,,Champ Garner,Ayami Sato,R,R,Fastball,Groundout,,,000,-0.65571,0.490498,
Bottom 1,1,0,0,0,'0-0,Toronto Maple Leafs,London Majors,"May 18, 2025",,,,Ryan Dos Santos,Jose Arias,L,R,Fastball,Called Strike,,,000,0.7201403,0.545737479,
Bottom 1,1,0,0,1,'0-1,Toronto Maple Leafs,London Majors,"May 18, 2025",,,,Ryan Dos Santos,Jose Arias,L,R,Fastball,Called Strike,,,000,0.042183668,0.419474926,
Bottom 1,1,0,0,2,'0-2,Toronto Maple Leafs,London Majors,"May 18, 2025",,,,Ryan Dos Santos,Jose Arias,L,R,Offspeed,Ball,,,000,-0.35661435,-0.243403476,
Bottom 1,1,0,1,2,'1-2,Toronto Maple Leafs,London Majors,"May 18, 2025",,,,Ryan Dos Santos,Jose Arias,L,R,Offspeed,Ball,,,000,-0.57595326,-0.140815152,
Bottom 1,1,0,2,2,'2-2,Toronto Maple Leafs,London Majors,"May 18, 2025",,,,Ryan Dos Santos,Jose Arias,L,R,Fastball,Foul,,,000,0.680260498,0.261646735,
Bottom 1,1,0,2,2,'2-2,Toronto Maple Leafs,London Majors,"May 18, 2025",,,,Ryan Dos Santos,Jose Arias,L,R,Fastball,Ball,,,000,-0.556013359,1.177050243,
Bottom 1,1,0,3,2,'3-2,Toronto Maple Leafs,London Majors,"May 18, 2025",,,,Ryan Dos Santos,Jose Arias,L,R,Fastball,Foul,,,000,0.201702876,0.829828223,
Bottom 1,1,0,3,2,'3-2,Toronto Maple Leafs,London Majors,"May 18, 2025",,,,Ryan Dos Santos,Jose Arias,L,R,Offspeed,Foul,,,000,-0.217035044,0.387909288,
Bottom 1,1,0,3,2,'3-2,Toronto Maple Leafs,London Majors,"May 18, 2025",,,,Ryan Dos Santos,Jose Arias,L,R,Offspeed,Walk,,,000,-1.273849793,0.159058411,
Bottom 1,1,0,0,0,'0-0,Toronto Maple Leafs,London Majors,"May 18, 2025",,,,Jhon Javier,Jose Arias,R,R,Fastball,Called Strike,,,100,-0.655712864,0.190624049,
Bottom 1,1,0,0,1,'0-1,Toronto Maple Leafs,London Majors,"May 18, 2025",,,,Jhon Javier,Jose Arias,R,R,Fastball,Ball,,,100,0.30140238,1.098136148,
Bottom 1,1,0,1,1,'1-1,Toronto Maple Leafs,London Majors,"May 18, 2025",,,,Jhon Javier,Jose Arias,R,R,Offspeed,Ball,,,100,-1.433369,-0.148706562,
Bottom 1,1,0,2,1,'2-1,Toronto Maple Leafs,London Majors,"May 18, 2025",,,,Jhon Javier,Jose Arias,R,R,Fastball,Foul,,,001,-0.595893161,0.230081097,
Bottom 1,1,0,2,2,'2-2,Toronto Maple Leafs,London Majors,"May 18, 2025",,,,Jhon Javier,Jose Arias,R,R,Offspeed,Ball,,,001,0.700200399,1.145484605,
Bottom 1,1,0,3,2,'3-2,Toronto Maple Leafs,London Majors,"May 18, 2025",,,,Jhon Javier,Jose Arias,R,R,Fastball,Sacrifice Fly,Fly Ball,Straightaway,001,0.022243767,0.971873595,
Bottom 1,1,1,0,0,'0-0,Toronto Maple Leafs,London Majors,"May 18, 2025",,,,Rando Moreno,Jose Arias,L,R,Offspeed,Ball,,,000,-0.276854746,-0.085575285,
Bottom 1,1,1,1,0,'1-0,Toronto Maple Leafs,London Majors,"May 18, 2025",,,,Rando Moreno,Jose Arias,L,R,Fastball,Ball,,,000,0.640380696,1.121810376,
Bottom 1,1,1,2,0,'2-0,Toronto Maple Leafs,London Majors,"May 18, 2025",,,,Rando Moreno,Jose Arias,L,R,Offspeed,Foul,,,000,0.062123569,0.072252906,
Bottom 1,1,1,2,1,'2-1,Toronto Maple Leafs,London Majors,"May 18, 2025",,,,Rando Moreno,Jose Arias,L,R,Fastball,Ball,,,000,0.999298913,1.121810376,
Bottom 1,1,1,3,1,'3-1,Toronto Maple Leafs,London Majors,"May 18, 2025",,,,Rando Moreno,Jose Arias,L,R,Fastball,Walk,,,000,0.540681191,1.074461919,
Bottom 1,1,1,0,0,'0-0,Toronto Maple Leafs,London Majors,"May 18, 2025",,,,Jordan Castaldo,Jose Arias,L,R,Fastball,Called Strike,,,100,0.520741291,0.892959499,
Bottom 1,1,1,0,1,'0-1,Toronto Maple Leafs,London Majors,"May 18, 2025",,,,Jordan Castaldo,Jose Arias,L,R,Fastball,Ball,,,100,0.680260498,1.090244738,
Bottom 1,1,1,1,1,'1-1,Toronto Maple Leafs,London Majors,"May 18, 2025",,,,Jordan Castaldo,Jose Arias,L,R,Fastball,Swinging Strike,,,100,0.859719606,0.632542984,
Bottom 1,1,1,1,2,'1-2,Toronto Maple Leafs,London Majors,"May 18, 2025",,,,Jordan Castaldo,Jose Arias,L,R,Fastball,Ball,,,100,1.437976733,0.608868755,
Bottom 1,1,1,2,2,'2-2,Toronto Maple Leafs,London Majors,"May 18, 2025",,,,Jordan Castaldo,Jose Arias,L,R,Offspeed,Called Strike,,,010,0.779960003,0.932416547,
Bottom 1,1,1,2,2,'2-2,Toronto Maple Leafs,London Majors,"May 18, 2025",,,,Jordan Castaldo,Jose Arias,L,R,Fastball,Walk,,,010,1.059118615,1.129701786,
Bottom 1,1,1,0,0,'0-0,Toronto Maple Leafs,London Majors,"May 18, 2025",,,,Justin Marra,Jose Arias,L,R,Fastball,Ball,,,110,1.258517625,0.537846069,
Bottom 1,1,1,1,0,'1-0,Toronto Maple Leafs,London Majors,"May 18, 2025",,,,Justin Marra,Jose Arias,L,R,Offspeed,Ball,,,110,1.059118615,-0.543277039,
Bottom 1,1,1,2,0,'2-0,Toronto Maple Leafs,London Majors,"May 18, 2025",,,,Justin Marra,Jose Arias,L,R,Fastball,Ball,,,011,1.238577724,1.035004871,
Bottom 1,1,1,3,0,'3-0,Toronto Maple Leafs,London Majors,"May 18, 2025",,,,Justin Marra,Jose Arias,L,R,Fastball,Called Strike,,,011,0.580560993,0.52995466,
Bottom 1,1,1,3,1,'3-1,Toronto Maple Leafs,London Majors,"May 18, 2025",,,,Justin Marra,Jose Arias,L,R,Fastball,Walk,,,011,0.480861489,1.090244738,
Bottom 1,1,1,0,0,'0-0,Toronto Maple Leafs,London Majors,"May 18, 2025",,,,Dennis Dei Banning,Jose Arias,R,R,Fastball,Swinging Strike,,,111,-0.416434053,0.750914127,
Bottom 1,1,1,0,1,'0-1,Toronto Maple Leafs,London Majors,"May 18, 2025",,,,Dennis Dei Banning,Jose Arias,R,R,Fastball,Called Strike,,,111,-0.157215341,0.498389022,
Bottom 1,1,1,0,2,'0-2,Toronto Maple Leafs,London Majors,"May 18, 2025",,,,Dennis Dei Banning,Jose Arias,R,R,Fastball,Strikeout Looking,,,111,-0.57595326,0.403692107,
Bottom 1,1,2,0,0,'0-0,Toronto Maple Leafs,London Majors,"May 18, 2025",,,,Marcus Knecht,Jose Arias,R,R,Offspeed,Called Strike,,,111,-0.815232071,0.237972506,
Bottom 1,1,2,0,1,'0-1,Toronto Maple Leafs,London Majors,"May 18, 2025",,,,Marcus Knecht,Jose Arias,R,R,Offspeed,Ball,,,111,1.138878219,0.69567426,
Bottom 1,1,2,1,1,'1-1,Toronto Maple Leafs,London Majors,"May 18, 2025",,,,Marcus Knecht,Jose Arias,R,R,Fastball,Swinging Strike,,,111,0.640380696,0.687782851,
Bottom 1,1,2,1,2,'1-2,Toronto Maple Leafs,London Majors,"May 18, 2025",,,,Marcus Knecht,Jose Arias,R,R,Fastball,Ball,,,111,-0.695592666,0.17484123,
Bottom 1,1,2,2,2,'2-2,Toronto Maple Leafs,London Majors,"May 18, 2025",,,,Marcus Knecht,Jose Arias,R,R,Offspeed,Popout,Pop Up,Straightaway,111,0.660320597,0.427366336,
Top 2,2,0,0,0,'0-0,London Majors,Toronto Maple Leafs,"May 18, 2025",,,,Brad Verhoeven,Ayami Sato,L,R,Fastball,Groundout,Ground Ball,Pull,000,0.700200399,0.490497612,
Top 2,2,1,0,0,'0-0,London Majors,Toronto Maple Leafs,"May 18, 2025",,,,Adrian Harrison,Ayami Sato,R,R,Fastball,Called Strike,,,000,0.08206347,0.869285271,
Top 2,2,1,0,0,'0-0,London Majors,Toronto Maple Leafs,"May 18, 2025",,,,Adrian Harrison,Ayami Sato,R,R,Offspeed,Single,Fly Ball,Pull,000,-0.57595326,0.372126469,
Top 2,2,1,1,0,'1-0,London Majors,Toronto Maple Leafs,"May 18, 2025",,,,Toby Simmons,Ayami Sato,L,R,Offspeed,Ball,,,100,1.418036832,0.553628889,
Top 2,2,1,1,1,'1-1,London Majors,Toronto Maple Leafs,"May 18, 2025",,,,Toby Simmons,Ayami Sato,L,R,Offspeed,Swinging Strike,,,100,1.198697922,0.340560831,
Top 2,2,1,0,0,'0-0,London Majors,Toronto Maple Leafs,"May 18, 2025",,,,Toby Simmons,Ayami Sato,L,R,Offspeed,Home Run,,,100,0.201702876,0.514171841,
Top 2,2,1,0,1,'0-1,London Majors,Toronto Maple Leafs,"May 18, 2025",,,,Francisco Fajardo,Ayami Sato,L,R,Fastball,Swinging Strike,,,000,0.700200399,0.206406868,
Top 2,2,1,0,2,'0-2,London Majors,Toronto Maple Leafs,"May 18, 2025",,,,Francisco Fajardo,Ayami Sato,L,R,Fastball,Foul,,,000,1.138878219,0.853502452,
Top 2,2,1,0,0,'0-0,London Majors,Toronto Maple Leafs,"May 18, 2025",,,,Francisco Fajardo,Ayami Sato,L,R,Offspeed,Flyout,Line Drive,Pull,000,0.859719606,0.293212373,
Top 2,2,2,0,1,'0-1,London Majors,Toronto Maple Leafs,"May 18, 2025",,,,Kaiden Cardoso,Ayami Sato,L,R,Offspeed,Called Strike,,,000,0.839779705,0.411583517,
Top 2,2,2,0,0,'0-0,London Majors,Toronto Maple Leafs,"May 18, 2025",,,,Kaiden Cardoso,Ayami Sato,L,R,Offspeed,Hit By Pitch,,,000,-1.174150288,-0.109249514,
Top 2,2,2,1,0,'1-0,London Majors,Toronto Maple Leafs,"May 18, 2025",,,,Eduardo De Oleo,Ayami Sato,R,R,Offspeed,Ball,,,100,-1.154210387,0.403692107,
Top 2,2,2,0,0,'0-0,London Majors,Toronto Maple Leafs,"May 18, 2025",,,,Eduardo De Oleo,Ayami Sato,R,R,Offspeed,Double,Fly Ball,Pull,100,0.760020102,0.916633728,
Top 2,2,2,1,0,'1-0,London Majors,Toronto Maple Leafs,"May 18, 2025",,,,Byron Reichstein,Ayami Sato,L,R,Offspeed,Ball,,,010,1.477856535,0.048578677,
Top 2,2,2,1,1,'1-1,London Majors,Toronto Maple Leafs,"May 18, 2025",,,,Byron Reichstein,Ayami Sato,R,R,Offspeed,Called Strike,,,010,0.620440795,0.222189687,
Top 2,2,2,0,0,'0-0,London Majors,Toronto Maple Leafs,"May 18, 2025",,,,Byron Reichstein,Ayami Sato,R,R,Fastball,Groundout,Ground Ball,Pull,010,0.919539309,0.17484123,
Bottom 2,2,0,1,0,'1-0,Toronto Maple Leafs,London Majors,"May 18, 2025",,,,Mike Cecchetto,Jose Arias,R,R,Offspeed,Ball,,,000,-1.832167018,-0.338100391,
Bottom 2,2,0,2,0,'2-0,Toronto Maple Leafs,London Majors,"May 18, 2025",,,,Mike Cecchetto,Jose Arias,R,R,Fastball,Ball,,,000,0.660320597,1.098136148,
Bottom 2,2,0,2,1,'2-1,Toronto Maple Leafs,London Majors,"May 18, 2025",,,,Mike Cecchetto,Jose Arias,R,R,Fastball,Foul,,,000,0.740080201,0.17484123,
Bottom 2,2,0,2,1,'2-1,Toronto Maple Leafs,London Majors,"May 18, 2025",,,,Mike Cecchetto,Jose Arias,R,R,Fastball,Ball,,,000,-0.396494152,1.200724472,
Bottom 2,2,0,3,0,'3-0,Toronto Maple Leafs,London Majors,"May 18, 2025",,,,Mike Cecchetto,Jose Arias,R,R,Fastball,Groundout,Ground Ball,Pull,000,0.700200399,0.490497612,
Bottom 2,2,1,0,0,'0-0,Toronto Maple Leafs,London Majors,"May 18, 2025",,,,Spenser Ross,Jose Arias,R,R,Fastball,Ball,,,000,-0.456313855,-0.085575285,
Bottom 2,2,1,1,0,'1-0,Toronto Maple Leafs,London Majors,"May 18, 2025",,,,Spenser Ross,Jose Arias,R,R,Fastball,Ball,,,000,-0.296794647,1.113918967,
Bottom 2,2,1,2,0,'2-0,Toronto Maple Leafs,London Majors,"May 18, 2025",,,,Spenser Ross,Jose Arias,R,R,Fastball,Called Strike,,,000,0.799899903,0.70356567,
Bottom 2,2,1,2,1,'2-1,Toronto Maple Leafs,London Majors,"May 18, 2025",,,,Spenser Ross,Jose Arias,R,R,Fastball,Ball,,,000,0.201702876,1.05078769,
Bottom 2,2,1,3,1,'3-1,Toronto Maple Leafs,London Majors,"May 18, 2025",,,,Spenser Ross,Jose Arias,R,R,Fastball,Called Strike,,,000,0.660320597,0.798262585,
Bottom 2,2,1,3,2,'3-2,Toronto Maple Leafs,London Majors,"May 18, 2025",,,,Spenser Ross,Jose Arias,R,R,Offspeed,Foul,,,000,-1.114330585,0.17484123,
Bottom 2,2,1,3,2,'3-2,Toronto Maple Leafs,London Majors,"May 18, 2025",,,,Ryan Dos Santos,Jose Arias,L,R,Offspeed,Walk,,,000,-1.114330585,-0.101358104,
Bottom 2,2,1,0,0,'0-0,Toronto Maple Leafs,London Majors,"May 18, 2025",,,,Ryan Dos Santos,Jose Arias,L,R,Offspeed,Ball,,,100,-1.273849793,-0.211837838,
Bottom 2,2,1,1,0,'1-0,Toronto Maple Leafs,London Majors,"May 18, 2025",,,,Ryan Dos Santos,Jose Arias,L,R,Offspeed,Ball,,,100,-0.536073458,-0.211837838,
Bottom 2,2,1,2,0,'2-0,Toronto Maple Leafs,London Majors,"May 18, 2025",,,,Ryan Dos Santos,Jose Arias,L,R,Fastball,Called Strike,,,100,0.141883173,0.332669421,
Bottom 2,2,1,2,1,'2-1,Toronto Maple Leafs,London Majors,"May 18, 2025",,,,Ryan Dos Santos,Jose Arias,L,R,Fastball,Ball,,,100,1.079058516,0.237972506,
Bottom 2,2,1,3,1,'3-1,Toronto Maple Leafs,London Majors,"May 18, 2025",,,,Ryan Dos Santos,Jose Arias,L,R,Fastball,Walk,,,100,0.660320597,0.932416547,
Bottom 2,2,1,0,0,'0-0,Toronto Maple Leafs,London Majors,"May 18, 2025",,,,Jhon Javier,Jose Arias,R,R,Fastball,Ball,,,110,0.779960003,1.145484605,
Bottom 2,2,1,1,0,'1-0,Toronto Maple Leafs,London Majors,"May 18, 2025",,,,Jhon Javier,Jose Arias,R,R,Fastball,Ball,,,110,-0.635772963,1.090244738,
Bottom 2,2,1,2,0,'2-0,Toronto Maple Leafs,London Majors,"May 18, 2025",,,,Jhon Javier,Jose Arias,R,R,Fastball,Ball,,,110,0.062123569,1.082353329,
Bottom 2,2,1,3,0,'3-0,Toronto Maple Leafs,London Majors,"May 18, 2025",,,,Jhon Javier,Jose Arias,R,R,Fastball,Called Strike,,,110,0.640380696,0.419474926,
Bottom 2,2,1,3,1,'3-1,Toronto Maple Leafs,London Majors,"May 18, 2025",,,,Jhon Javier,Jose Arias,R,R,Offspeed,Flyout,Fly Ball,Straightaway,110,-0.436373954,0.474714793,
Bottom 2,2,2,0,0,'0-0,Toronto Maple Leafs,London Majors,"May 18, 2025",,,,Rando Moreno,Jose Arias,L,R,Fastball,Flyout,Fly Ball,Opposite Field,110,0.640380696,0.324778012,
Top 3,3,0,0,0,'0-0,London Majors,Toronto Maple Leafs,"May 18, 2025",,,,Ty Mosher,Marek Deska,L,R,Fastball,Called Strike,,,000,-0.675652765,0.482606203,
Top 3,3,0,0,1,'0-1,London Majors,Toronto Maple Leafs,"May 18, 2025",,,,Ty Mosher,Marek Deska,L,R,Fastball,Groundout,Ground Ball,Pull,000,0.819839804,0.514171841,
Top 3,3,1,0,0,'0-0,London Majors,Toronto Maple Leafs,"May 18, 2025",,,,Champ Garner,Marek Deska,R,R,Fastball,Called Strike,,,000,-0.755412369,0.482606203,
Top 3,3,1,0,1,'0-1,London Majors,Toronto Maple Leafs,"May 18, 2025",,,,Champ Garner,Marek Deska,R,R,Fastball,Foul,,,000,0.779960003,0.435257745,
Top 3,3,1,0,2,'0-2,London Majors,Toronto Maple Leafs,"May 18, 2025",,,,Champ Garner,Marek Deska,R,R,Fastball,Foul,,,000,0.520741291,0.971873595,
Top 3,3,1,0,2,'0-2,London Majors,Toronto Maple Leafs,"May 18, 2025",,,,Champ Garner,Marek Deska,R,R,Fastball,Double,Line Drive,Opposite Field,000,-0.217035044,0.821936813,
Top 3,3,1,0,0,'0-0,London Majors,Toronto Maple Leafs,"May 18, 2025",,,,Brad Verhoeven,Marek Deska,L,R,Offspeed,Ball,,,010,1.138878219,0.214298278,
Top 3,3,1,1,0,'1-0,London Majors,Toronto Maple Leafs,"May 18, 2025",,,,Brad Verhoeven,Marek Deska,L,R,Fastball,Ball,,,010,-1.134270486,0.806153994,
Top 3,3,1,2,0,'2-0,London Majors,Toronto Maple Leafs,"May 18, 2025",,,,Brad Verhoeven,Marek Deska,L,R,Fastball,Foul,,,010,0.50080139,0.664108622,
Top 3,3,1,2,1,'2-1,London Majors,Toronto Maple Leafs,"May 18, 2025",,,,Brad Verhoeven,Marek Deska,L,R,Offspeed,Ball,,,010,-1.453308901,-0.125032333,
Top 3,3,1,3,1,'3-1,London Majors,Toronto Maple Leafs,"May 18, 2025",,,,Brad Verhoeven,Marek Deska,L,R,Fastball,Foul,,,010,-0.735472468,0.600977346,
Top 3,3,1,3,2,'3-2,London Majors,Toronto Maple Leafs,"May 18, 2025",,,,Brad Verhoeven,Marek Deska,L,R,Fastball,Flyout,Fly Ball,Pull,010,0.640380696,0.69567426,
Top 3,3,2,0,0,'0-0,London Majors,Toronto Maple Leafs,"May 18, 2025",,,,Adrian Harrison,Marek Deska,R,R,Fastball,Called Strike,,,001,-0.735472468,0.135384182,
Top 3,3,2,0,1,'0-1,London Majors,Toronto Maple Leafs,"May 18, 2025",,,,Adrian Harrison,Marek Deska,R,R,Offspeed,Swinging Strike,,,001,-1.154210387,-0.069792466,
Top 3,3,2,0,2,'0-2,London Majors,Toronto Maple Leafs,"May 18, 2025",,,,Adrian Harrison,Marek Deska,R,R,Fastball,Ball,,,001,-1.094390684,0.750914127,
Top 3,3,2,1,2,'1-2,London Majors,Toronto Maple Leafs,"May 18, 2025",,,,Adrian Harrison,Marek Deska,R,R,Fastball,Single,Ground Ball,Straightaway,001,0.002303867,0.735131308,
Top 3,3,2,0,0,'0-0,London Majors,Toronto Maple Leafs,"May 18, 2025",,,,Toby Simmons,Marek Deska,R,R,Fastball,Called Strike,,,100,-0.675652765,0.719348489,
Top 3,3,2,0,1,'0-1,London Majors,Toronto Maple Leafs,"May 18, 2025",,,,Toby Simmons,Marek Deska,,,Offspeed,Ball,,,100,-1.353609396,-0.251294886,
Top 3,3,2,1,1,'1-1,London Majors,Toronto Maple Leafs,"May 18, 2025",,,,Toby Simmons,Marek Deska,,,,Truncated Out,,,,,,
Bottom 3,3,0,0,0,'0-0,Toronto Maple Leafs,London Majors,"May 18, 2025",,,,Jordan Castaldo,Jose Arias,L,R,Fastball,Ball,,,000,-0.536073458,-0.196055019,
Bottom 3,3,0,1,0,'1-0,Toronto Maple Leafs,London Majors,"May 18, 2025",,,,Jordan Castaldo,Jose Arias,L,R,Fastball,Foul,,,000,0.660320597,0.537846069,
Bottom 3,3,0,1,1,'1-1,Toronto Maple Leafs,London Majors,"May 18, 2025",,,,Jordan Castaldo,Jose Arias,L,R,Offspeed,Ball,,,000,1.318337327,0.16694982,
Bottom 3,3,0,2,1,'2-1,Toronto Maple Leafs,London Majors,"May 18, 2025",,,,Jordan Castaldo,Jose Arias,L,R,Fastball,Swinging Strike,,,000,0.361222083,0.932416547,
Bottom 3,3,0,2,2,'2-2,Toronto Maple Leafs,London Majors,"May 18, 2025",,,,Jordan Castaldo,Jose Arias,L,R,Offspeed,Foul,,,000,-0.217035044,0.214298278,
Bottom 3,3,0,2,2,'2-2,Toronto Maple Leafs,London Majors,"May 18, 2025",,,,Jordan Castaldo,Jose Arias,L,R,Offspeed,Foul,,,000,0.779960003,0.151167001,
Bottom 3,3,0,2,2,'2-2,Toronto Maple Leafs,London Majors,"May 18, 2025",,,,Jordan Castaldo,Jose Arias,L,R,Fastball,Foul,,,000,0.221642777,0.159058411,
Bottom 3,3,0,2,2,'2-2,Toronto Maple Leafs,London Majors,"May 18, 2025",,,,Jordan Castaldo,Jose Arias,L,R,Offspeed,Ball,,,000,0.799899903,1.098136148,
Bottom 3,3,0,3,2,'3-2,Toronto Maple Leafs,London Majors,"May 18, 2025",,,,Jordan Castaldo,Jose Arias,L,R,Fastball,Foul,,,000,0.640380696,0.198515459,
Bottom 3,3,0,3,2,'3-2,Toronto Maple Leafs,London Majors,"May 18, 2025",,,,Jordan Castaldo,Jose Arias,L,R,Offspeed,Walk,,,000,-0.934871477,-0.219729248,
Bottom 3,3,0,0,0,'0-0,Toronto Maple Leafs,London Majors,"May 18, 2025",,,,Justin Marra,Jose Arias,L,R,Fastball,Ball,,,100,1.398096931,0.608868755,
Bottom 3,3,0,1,0,'1-0,Toronto Maple Leafs,London Majors,"May 18, 2025",,,,Justin Marra,Jose Arias,L,R,Fastball,Called Strike,,,100,0.779960003,0.111709954,
Bottom 3,3,0,1,1,'1-1,Toronto Maple Leafs,London Majors,"May 18, 2025",,,,Justin Marra,Jose Arias,L,R,Offspeed,Called Strike,,,100,-0.536073458,0.17484123,
Bottom 3,3,0,1,2,'1-2,Toronto Maple Leafs,London Majors,"May 18, 2025",,,,Justin Marra,Jose Arias,L,R,Offspeed,Popout,Pop Up,Opposite Field,100,0.879659507,0.080144315,
Bottom 3,3,1,0,0,'0-0,Toronto Maple Leafs,London Majors,"May 18, 2025",,,,Dennis Dei Banning,Jose Arias,L,R,Fastball,Ball,,,100,-1.134270486,0.190624049,
Bottom 3,3,1,1,0,'1-0,Toronto Maple Leafs,London Majors,"May 18, 2025",,,,Dennis Dei Banning,Jose Arias,L,R,Fastball,Swinging Strike,,,100,0.520741291,0.435257745,
Bottom 3,3,1,1,1,'1-1,Toronto Maple Leafs,London Majors,"May 18, 2025",,,,Dennis Dei Banning,Jose Arias,L,R,Fastball,Foul,,,100,0.261522579,0.600977346,
Bottom 3,3,1,1,2,'1-2,Toronto Maple Leafs,London Majors,"May 18, 2025",,,,Dennis Dei Banning,Jose Arias,L,R,Fastball,Popout,Pop Up,Straightaway,100,0.620440795,0.451040564,
Bottom 3,3,2,0,0,'0-0,Toronto Maple Leafs,London Majors,"May 18, 2025",,,,Marcus Knecht,Jose Arias,R,R,Fastball,Foul,,,100,0.042183668,0.719348489,
Bottom 3,3,2,0,1,'0-1,Toronto Maple Leafs,London Majors,"May 18, 2025",,,,Marcus Knecht,Jose Arias,R,R,Offspeed,Foul,,,100,0.022243767,0.821936813,
Bottom 3,3,2,0,2,'0-2,Toronto Maple Leafs,London Majors,"May 18, 2025",,,,Marcus Knecht,Jose Arias,R,R,Offspeed,Single,Fly Ball,Straightaway,100,-0.57595326,0.206406868,
Bottom 3,3,2,0,0,'0-0,Toronto Maple Leafs,London Majors,"May 18, 2025",,,,Jeffrey Mejia,Jose Arias,R,R,Offspeed,Called Strike,,,110,0.281462479,0.498389022,
Bottom 3,3,2,0,1,'0-1,Toronto Maple Leafs,London Majors,"May 18, 2025",,,,Jeffrey Mejia,Jose Arias,R,R,Offspeed,Called Strike,,,110,0.460921588,0.537846069,
Bottom 3,3,2,0,2,'0-2,Toronto Maple Leafs,London Majors,"May 18, 2025",,,,Jeffrey Mejia,Jose Arias,R,R,Fastball,Ball,,,110,-0.635772963,1.090244738,
Bottom 3,3,2,1,2,'1-2,Toronto Maple Leafs,London Majors,"May 18, 2025",,,,Jeffrey Mejia,Jose Arias,R,R,Offspeed,Strikeout Swinging,,,110,0.102003371,-0.203946429,
Top 4,4,0,0,0,'0-0,London Majors,Toronto Maple Leafs,"May 18, 2025",,,,Toby Simmons,Taylor Lepard,R,R,Fastball,Groundout,Ground Ball,Pull,000,-0.556013359,0.308995192,
Top 4,4,1,0,0,'0-0,London Majors,Toronto Maple Leafs,"May 18, 2025",,,,Francisco Fajardo,Taylor Lepard,L,R,Fastball,Ball,,,000,0.221642777,1.113918967,
Top 4,4,1,1,0,'1-0,London Majors,Toronto Maple Leafs,"May 18, 2025",,,,Francisco Fajardo,Taylor Lepard,L,R,Offspeed,Groundout,,,000,0.700200399,0.16694982,
Top 4,4,2,0,0,'0-0,London Majors,Toronto Maple Leafs,"May 18, 2025",,,,Kaiden Cardoso,Taylor Lepard,L,R,Offspeed,Ball,,,000,0.859719606,0.806153994,
Top 4,4,2,1,0,'1-0,London Majors,Toronto Maple Leafs,"May 18, 2025",,,,Kaiden Cardoso,Taylor Lepard,L,R,Fastball,Ball,,,000,1.298397427,0.790371175,
Top 4,4,2,2,0,'2-0,London Majors,Toronto Maple Leafs,"May 18, 2025",,,,Kaiden Cardoso,Taylor Lepard,L,R,Fastball,Ball,,,000,1.039178715,1.090244738,
Top 4,4,2,3,0,'3-0,London Majors,Toronto Maple Leafs,"May 18, 2025",,,,Kaiden Cardoso,Taylor Lepard,L,R,Fastball,Called Strike,,,000,0.480861489,0.829828223,
Top 4,4,2,3,1,'3-1,London Majors,Toronto Maple Leafs,"May 18, 2025",,,,Kaiden Cardoso,Taylor Lepard,L,R,Fastball,Swinging Strike,,,000,0.261522579,1.035004871,
Top 4,4,2,3,2,'3-2,London Majors,Toronto Maple Leafs,"May 18, 2025",,,,Kaiden Cardoso,Taylor Lepard,L,R,,Strikeout Looking,,,000,,,
Bottom 4,4,0,0,0,'0-0,Toronto Maple Leafs,London Majors,"May 18, 2025",,,,Spenser Ross,Jose Arias,R,R,Fastball,Foul,,,000,0.660320597,0.561520298,
Bottom 4,4,0,0,1,'0-1,Toronto Maple Leafs,London Majors,"May 18, 2025",,,,Spenser Ross,Jose Arias,R,R,Fastball,Called Strike,,,000,0.520741291,0.506280431,
Bottom 4,4,0,0,2,'0-2,Toronto Maple Leafs,London Majors,"May 18, 2025",,,,Spenser Ross,Jose Arias,R,R,Offspeed,Double,Line Drive,Pull,000,0.680260498,0.498389022,
Bottom 4,4,0,0,0,'0-0,Toronto Maple Leafs,London Majors,"May 18, 2025",,,,Ryan Dos Santos,Jose Arias,L,R,Offspeed,Ball,,,010,-0.595893161,-0.259186295,
Bottom 4,4,0,1,0,'1-0,Toronto Maple Leafs,London Majors,"May 18, 2025",,,,Ryan Dos Santos,Jose Arias,L,R,Fastball,Foul,,,001,0.181762975,0.545737479,
Bottom 4,4,0,1,1,'1-1,Toronto Maple Leafs,London Majors,"May 18, 2025",,,,Ryan Dos Santos,Jose Arias,L,R,Fastball,Ball,,,001,0.979359012,1.106027557,
Bottom 4,4,0,2,1,'2-1,Toronto Maple Leafs,London Majors,"May 18, 2025",,,,Ryan Dos Santos,Jose Arias,L,R,Offspeed,Ball,,,001,0.929509259,-0.215783543,
Bottom 4,4,0,3,1,'3-1,Toronto Maple Leafs,London Majors,"May 18, 2025",,,,Ryan Dos Santos,Jose Arias,L,R,Fastball,Walk,,,001,-0.536073458,0.032795858,
Bottom 4,4,0,0,0,'0-0,Toronto Maple Leafs,London Majors,"May 18, 2025",,,,Jhon Javier,Jose Arias,R,R,Fastball,Ball,,,101,-0.595893161,1.098136148,
Bottom 4,4,0,1,0,'1-0,Toronto Maple Leafs,London Majors,"May 18, 2025",,,,Jhon Javier,Jose Arias,R,R,Fastball,Called Strike,,,101,0.580560993,0.269538145,
Bottom 4,4,0,1,1,'1-1,Toronto Maple Leafs,London Majors,"May 18, 2025",,,,Jhon Javier,Jose Arias,R,R,Fastball,Home Run,,,101,-0.655712864,0.52995466,
Bottom 4,4,0,0,0,'0-0,Toronto Maple Leafs,London Majors,"May 18, 2025",,,,Rando Moreno,Jared Lund,R,L,Fastball,Ball,,,000,-0.855111873,1.129701786,
Bottom 4,4,0,1,0,'1-0,Toronto Maple Leafs,London Majors,"May 18, 2025",,,,Rando Moreno,Jared Lund,R,L,Offspeed,Called Strike,,,000,-0.57595326,0.253755326,
Bottom 4,4,0,1,1,'1-1,Toronto Maple Leafs,London Majors,"May 18, 2025",,,,Rando Moreno,Jared Lund,R,L,Offspeed,Swinging Strike,,,000,0.660320597,-0.203946429,
Bottom 4,4,0,1,2,'1-2,Toronto Maple Leafs,London Majors,"May 18, 2025",,,,Rando Moreno,Jared Lund,R,L,Offspeed,Single,Line Drive,Straightaway,000,-0.13727544,0.230081097,
Bottom 4,4,0,0,0,'0-0,Toronto Maple Leafs,London Majors,"May 18, 2025",,,,Jordan Castaldo,Jared Lund,L,L,Fastball,Ball,,,100,0.620440795,1.106027557,
Bottom 4,4,0,1,0,'1-0,Toronto Maple Leafs,London Majors,"May 18, 2025",,,,Jordan Castaldo,Jared Lund,L,L,Fastball,Single,Line Drive,Pull,100,0.799899903,0.443149155,
Bottom 4,4,0,0,0,'0-0,Toronto Maple Leafs,London Majors,"May 18, 2025",,,,Justin Marra,Jared Lund,L,L,Offspeed,Ball,,,101,1.238577724,-0.338100391,
Bottom 4,4,0,1,0,'1-0,Toronto Maple Leafs,London Majors,"May 18, 2025",,,,Justin Marra,Jared Lund,L,L,Fastball,Called Strike,,,101,0.680260498,0.190624049,
Bottom 4,4,0,1,1,'1-1,Toronto Maple Leafs,London Majors,"May 18, 2025",,,,Justin Marra,Jared Lund,L,L,Offspeed,Ball,,,101,1.059118615,-0.140815152,
Bottom 4,4,0,2,1,'2-1,Toronto Maple Leafs,London Majors,"May 18, 2025",,,,Justin Marra,Jared Lund,L,L,Fastball,Ball,,,101,0.819839804,1.090244738,
Bottom 4,4,0,3,1,'3-1,Toronto Maple Leafs,London Majors,"May 18, 2025",,,,Justin Marra,Jared Lund,L,L,Fastball,Walk,,,101,-0.35661435,1.106027557,
Bottom 4,4,0,0,0,'0-0,Toronto Maple Leafs,London Majors,"May 18, 2025",,,,Dennis Dei Banning,Jared Lund,R,L,Fastball,Ball,,,111,0.361222083,1.074461919,
Bottom 4,4,0,1,0,'1-0,Toronto Maple Leafs,London Majors,"May 18, 2025",,,,Dennis Dei Banning,Jared Lund,R,L,Offspeed,Swinging Strike,,,111,-0.13727544,-0.211837838,
Bottom 4,4,0,1,1,'1-1,Toronto Maple Leafs,London Majors,"May 18, 2025",,,,Dennis Dei Banning,Jared Lund,R,L,Fastball,Foul,,,110,0.401101885,0.080144315,
Bottom 4,4,0,1,2,'1-2,Toronto Maple Leafs,London Majors,"May 18, 2025",,,,Dennis Dei Banning,Jared Lund,R,L,Fastball,Strikeout Swinging,,,110,0.680260498,0.624651575,
Bottom 4,4,1,0,0,'0-0,Toronto Maple Leafs,London Majors,"May 18, 2025",,,,Marcus Knecht,Jared Lund,R,L,Offspeed,Ball,,,110,-1.253909892,0.435257745,
Bottom 4,4,1,1,0,'1-0,Toronto Maple Leafs,London Majors,"May 18, 2025",,,,Marcus Knecht,Jared Lund,R,L,Fastball,Ball,,,110,-1.473248802,-0.038226828,
Bottom 4,4,1,2,0,'2-0,Toronto Maple Leafs,London Majors,"May 18, 2025",,,,Marcus Knecht,Jared Lund,R,L,Fastball,Ball,,,110,-1.194090189,0.750914127,
Bottom 4,4,1,3,0,'3-0,Toronto Maple Leafs,London Majors,"May 18, 2025",,,,Marcus Knecht,Jared Lund,R,L,Fastball,Ball,,,110,0.7201403,0.640434394,
Bottom 4,4,1,4,0,'4-0,Toronto Maple Leafs,London Majors,"May 18, 2025",,,,Marcus Knecht,Jared Lund,R,L,Fastball,Popout,Pop Up,Pull,110,0.460921588,0.245863916,
Bottom 4,4,2,0,0,'0-0,Toronto Maple Leafs,London Majors,"May 18, 2025",,,,Jeffrey Mejia,Jared Lund,R,L,Offspeed,Swinging Strike,,,110,0.221642777,-0.093466695,
Bottom 4,4,2,0,1,'0-1,Toronto Maple Leafs,London Majors,"May 18, 2025",,,,Jeffrey Mejia,Jared Lund,R,L,Fastball,Called Strike,,,110,-1.114330585,0.451040564,
Bottom 4,4,2,0,2,'0-2,Toronto Maple Leafs,London Majors,"May 18, 2025",,,,Jeffrey Mejia,Jared Lund,R,L,Offspeed,Ball,,,110,0.261522579,-0.377557439,
Bottom 4,4,2,1,2,'1-2,Toronto Maple Leafs,London Majors,"May 18, 2025",,,,Jeffrey Mejia,Jared Lund,R,L,Fastball,Ball,,,110,-1.034570981,1.090244738,
Bottom 4,4,2,2,2,'2-2,Toronto Maple Leafs,London Majors,"May 18, 2025",,,,Jeffrey Mejia,Jared Lund,R,L,Offspeed,Double,,,110,0.401101885,-0.085575285,
Bottom 4,4,2,0,0,'0-0,Toronto Maple Leafs,London Majors,"May 18, 2025",,,,Spenser Ross,De Lugo,R,R,Fastball,Ball,,,011,-1.533068505,0.869285271,
Bottom 4,4,2,1,0,'1-0,Toronto Maple Leafs,London Majors,"May 18, 2025",,,,Spenser Ross,De Lugo,R,R,Fastball,Foul,,,011,0.241582678,0.514171841,
Bottom 4,4,2,1,1,'1-1,Toronto Maple Leafs,London Majors,"May 18, 2025",,,,Spenser Ross,De Lugo,R,R,Fastball,Called Strike,,,011,0.181762975,0.837719632,
Bottom 4,4,2,1,2,'1-2,Toronto Maple Leafs,London Majors,"May 18, 2025",,,,Spenser Ross,De Lugo,R,R,Fastball,Ball,,,011,-1.21403009,0.853502452,
Bottom 4,4,2,2,2,'2-2,Toronto Maple Leafs,London Majors,"May 18, 2025",,,,Spenser Ross,De Lugo,R,R,Fastball,Double,Line Drive,Pull,011,-0.017636034,0.624651575,
Bottom 4,4,2,0,0,'0-0,Toronto Maple Leafs,London Majors,"May 18, 2025",,,,Ryan Dos Santos,De Lugo,L,R,Offspeed,Ball,,,010,-1.094390684,-0.235512067,
Bottom 4,4,2,1,0,'1-0,Toronto Maple Leafs,London Majors,"May 18, 2025",,,,Ryan Dos Santos,De Lugo,L,R,Fastball,Called Strike,,,010,0.580560993,0.861393861,
Bottom 4,4,2,1,1,'1-1,Toronto Maple Leafs,London Majors,"May 18, 2025",,,,Ryan Dos Santos,De Lugo,L,R,Fastball,Ball,,,010,1.218637823,0.380017878,
Bottom 4,4,2,2,1,'2-1,Toronto Maple Leafs,London Majors,"May 18, 2025",,,,Ryan Dos Santos,De Lugo,L,R,Offspeed,Ball,,,010,-1.273849793,-0.132923743,
Bottom 4,4,2,3,1,'3-1,Toronto Maple Leafs,London Majors,"May 18, 2025",,,,Ryan Dos Santos,De Lugo,L,R,Fastball,Walk,,,010,-0.595893161,-0.069792466,
Bottom 4,4,2,0,0,'0-0,Toronto Maple Leafs,London Majors,"May 18, 2025",,,,Jhon Javier,De Lugo,R,R,Offspeed,Ball,,,110,-1.21403009,0.111709954,
Bottom 4,4,2,1,0,'1-0,Toronto Maple Leafs,London Majors,"May 18, 2025",,,,Jhon Javier,De Lugo,R,R,Fastball,Foul,,,110,0.520741291,0.490497612,
Bottom 4,4,2,1,1,'1-1,Toronto Maple Leafs,London Majors,"May 18, 2025",,,,Jhon Javier,De Lugo,R,R,Offspeed,Ball,,,110,-1.353609396,-0.219729248,
Bottom 4,4,2,2,1,'2-1,Toronto Maple Leafs,London Majors,"May 18, 2025",,,,Jhon Javier,De Lugo,R,R,Fastball,Flyout,Fly Ball,Pull,110,0.779960003,0.750914127,
Top 5,5,0,0,0,'0-0,London Majors,Toronto Maple Leafs,"May 18, 2025",,,,Eduardo De Oleo,Taylor Lepard,R,R,Fastball,Ball,,,000,1.258517625,0.892959499,
Top 5,5,0,1,0,'1-0,London Majors,Toronto Maple Leafs,"May 18, 2025",,,,Eduardo De Oleo,Taylor Lepard,R,R,Offspeed,Ball,,,000,-1.293789693,0.608868755,
Top 5,5,0,2,0,'2-0,London Majors,Toronto Maple Leafs,"May 18, 2025",,,,Eduardo De Oleo,Taylor Lepard,R,R,Fastball,Swinging Strike,,,000,0.700200399,0.735131308,
Top 5,5,0,2,1,'2-1,London Majors,Toronto Maple Leafs,"May 18, 2025",,,,Eduardo De Oleo,Taylor Lepard,R,R,Fastball,Foul,,,000,0.520741291,1.082353329,
Top 5,5,0,2,2,'2-2,London Majors,Toronto Maple Leafs,"May 18, 2025",,,,Eduardo De Oleo,Taylor Lepard,R,R,Fastball,Strikeout Swinging,,,000,0.341282182,1.121810376,
Top 5,5,1,0,0,'0-0,London Majors,Toronto Maple Leafs,"May 18, 2025",,,,Byron Reichstein,Taylor Lepard,L,R,Fastball,Ball,,,000,1.437976733,1.066570509,
Top 5,5,1,0,0,'0-0,London Majors,Toronto Maple Leafs,"May 18, 2025",,,,Byron Reichstein,Taylor Lepard,L,R,Offspeed,Ball,,,000,1.318337327,0.537846069,
Top 5,5,1,1,0,'1-0,London Majors,Toronto Maple Leafs,"May 18, 2025",,,,Byron Reichstein,Taylor Lepard,L,R,Offspeed,Home Run,Fly Ball,Pull,000,-0.456313855,0.545737479,
Top 5,5,1,0,0,'0-0,London Majors,Toronto Maple Leafs,"May 18, 2025",,,,Ty Mosher,Taylor Lepard,L,R,Fastball,Ball,,,000,1.278457526,1.074461919,
Top 5,5,1,0,0,'0-0,London Majors,Toronto Maple Leafs,"May 18, 2025",,,,Ty Mosher,Taylor Lepard,L,R,Offspeed,Groundout,Ground Ball,Pull,000,-0.197095143,0.466823383,
Top 5,5,2,0,1,'0-1,London Majors,Toronto Maple Leafs,"May 18, 2025",,,,Champ Garner,Taylor Lepard,R,R,Fastball,Home Run,Fly Ball,Pull,000,0.700200399,0.861393861,
Top 5,5,2,0,0,'0-0,London Majors,Toronto Maple Leafs,"May 18, 2025",,,,Brad Verhoeven,Taylor Lepard,L,R,Offspeed,Called Strike,,,000,0.859719606,0.553628889,
Top 5,5,2,0,1,'0-1,London Majors,Toronto Maple Leafs,"May 18, 2025",,,,Brad Verhoeven,Taylor Lepard,L,R,Offspeed,Single,Ground Ball,Opposite Field,000,0.799899903,0.458931974,
Top 5,5,2,1,1,'1-1,London Majors,Toronto Maple Leafs,"May 18, 2025",,,,Adrian Harrison,Taylor Lepard,R,R,Fastball,Foul,,,100,-0.077455737,0.987656414,
Top 5,5,2,0,0,'0-0,London Majors,Toronto Maple Leafs,"May 18, 2025",,,,Adrian Harrison,Taylor Lepard,R,R,Fastball,Ball,,,100,-0.057515836,1.098136148,
Top 5,5,2,0,1,'0-1,London Majors,Toronto Maple Leafs,"May 18, 2025",,,,Adrian Harrison,Taylor Lepard,L,R,Offspeed,Groundout,Ground Ball,Straightaway,100,0.261522579,0.380017878,
Bottom 5,5,0,0,0,'0-0,Toronto Maple Leafs,London Majors,"May 18, 2025",,,,Rando Moreno,De Lugo,L,R,Fastball,Foul,,,000,-0.061503816,0.878754962,
Bottom 5,5,0,0,1,'0-1,Toronto Maple Leafs,London Majors,"May 18, 2025",,,,Rando Moreno,De Lugo,L,R,Fastball,Popout,Pop Up,Straightaway,000,-0.228998984,0.926103419,
Bottom 5,5,1,1,1,'1-1,Toronto Maple Leafs,London Majors,"May 18, 2025",,,,Jordan Castaldo,De Lugo,L,R,Fastball,Foul,,,000,-0.109359579,0.840876196,
Bottom 5,5,1,2,2,'2-2,Toronto Maple Leafs,London Majors,"May 18, 2025",,,,Jordan Castaldo,De Lugo,L,R,Offspeed,Ball,,,000,-1.233969991,-0.229198939,
Bottom 5,5,1,3,2,'3-2,Toronto Maple Leafs,London Majors,"May 18, 2025",,,,Jordan Castaldo,De Lugo,L,R,Offspeed,Ball,,,000,0.94346719,1.172315397,
Bottom 5,5,1,4,2,'4-2,Toronto Maple Leafs,London Majors,"May 18, 2025",,,,Jordan Castaldo,De Lugo,L,R,Fastball,Ball,,,000,0.536693211,1.106027557,
Bottom 5,5,1,5,2,'5-2,Toronto Maple Leafs,London Majors,"May 18, 2025",,,,Jordan Castaldo,De Lugo,L,R,Fastball,Foul,,,000,-0.468277795,0.907164036,
Bottom 5,5,1,5,2,'5-2,Toronto Maple Leafs,London Majors,"May 18, 2025",,,,Jordan Castaldo,De Lugo,L,R,Fastball,Walk,,,000,0.72811626,1.143906323,
Bottom 5,5,1,0,0,'0-0,Toronto Maple Leafs,London Majors,"May 18, 2025",,,,Justin Marra,De Lugo,L,R,Fastball,Ball,,,100,1.254529645,0.888224654,
Bottom 5,5,1,1,0,'1-0,Toronto Maple Leafs,London Majors,"May 18, 2025",,,,Justin Marra,De Lugo,L,R,Fastball,Called Strike,,,100,0.72811626,0.831406505,
Bottom 5,5,1,1,1,'1-1,Toronto Maple Leafs,London Majors,"May 18, 2025",,,,Justin Marra,De Lugo,L,R,Offspeed,Ball,,,100,0.680260498,-0.276547396,
Bottom 5,5,1,2,1,'2-1,Toronto Maple Leafs,London Majors,"May 18, 2025",,,,Justin Marra,De Lugo,L,R,Fastball,Foul,,,100,0.632404736,0.490497612,
Bottom 5,5,1,2,2,'2-2,Toronto Maple Leafs,London Majors,"May 18, 2025",,,,Justin Marra,De Lugo,L,R,Offspeed,Single,Fly Ball,Pull,100,0.704188379,0.34845224,
Bottom 5,5,1,0,0,'0-0,Toronto Maple Leafs,London Majors,"May 18, 2025",,,,Dennis Dei Banning,De Lugo,R,R,Fastball,Called Strike,,,101,0.153847114,0.452618846,
Bottom 5,5,1,0,1,'0-1,Toronto Maple Leafs,London Majors,"May 18, 2025",,,,Dennis Dei Banning,De Lugo,R,R,Offspeed,Ball,,,101,1.15881812,0.320043166,
Bottom 5,5,1,1,1,'1-1,Toronto Maple Leafs,London Majors,"May 18, 2025",,,,Dennis Dei Banning,De Lugo,R,R,Offspeed,Ball,,,101,-0.252926865,-0.17238079,
Bottom 5,5,1,2,1,'2-1,Toronto Maple Leafs,London Majors,"May 18, 2025",,,,Dennis Dei Banning,De Lugo,R,R,Offspeed,Swinging Strike,,,101,0.345270162,-0.257608013,
Bottom 5,5,1,2,2,'2-2,Toronto Maple Leafs,London Majors,"May 18, 2025",,,,Dennis Dei Banning,De Lugo,R,R,Offspeed,Ball,,,101,-1.449320921,-0.058744493,
Bottom 5,5,1,3,2,'3-2,Toronto Maple Leafs,London Majors,"May 18, 2025",,,,Dennis Dei Banning,De Lugo,R,R,Offspeed,Hit By Pitch,,,101,2.23557277,0.973451877,
Bottom 5,5,1,0,0,'0-0,Toronto Maple Leafs,London Majors,"May 18, 2025",,,,Marcus Knecht,Colby Ring,R,L,Offspeed,Ball,,,111,0.536693211,-0.333365545,
Bottom 5,5,1,1,0,'1-0,Toronto Maple Leafs,London Majors,"May 18, 2025",,,,Marcus Knecht,Colby Ring,R,L,Fastball,Foul,,,111,0.656332617,0.196937177,
Bottom 5,5,1,1,1,'1-1,Toronto Maple Leafs,London Majors,"May 18, 2025",,,,Marcus Knecht,Colby Ring,R,L,Fastball,Single,Line Drive,Straightaway,111,0.105991351,0.575724835,
Bottom 5,5,1,0,0,'0-0,Toronto Maple Leafs,London Majors,"May 18, 2025",,,,Jeffrey Mejia,Colby Ring,R,L,Offspeed,Called Strike,,,111,0.417053806,0.301103783,
Bottom 5,5,1,0,1,'0-1,Toronto Maple Leafs,London Majors,"May 18, 2025",,,,Jeffrey Mejia,Colby Ring,R,L,Offspeed,Foul,,,111,0.584548974,0.234815943,
Bottom 5,5,1,0,2,'0-2,Toronto Maple Leafs,London Majors,"May 18, 2025",,,,Jeffrey Mejia,Colby Ring,R,L,Offspeed,Foul,,,111,0.464909568,0.329512857,
Bottom 5,5,1,0,2,'0-2,Toronto Maple Leafs,London Majors,"May 18, 2025",,,,Jeffrey Mejia,Colby Ring,R,L,Offspeed,Double Play,Ground Ball,Pull,111,0.249558638,0.092770571,
Top 6,6,0,0,0,'0-0,London Majors,Toronto Maple Leafs,"May 18, 2025",,,,Toby Simmons,Chris Nagorski,L,R,Fastball,Foul,,,000,-0.56398932,0.784058047,
Top 6,6,0,0,1,'0-1,London Majors,Toronto Maple Leafs,"May 18, 2025",,,,Toby Simmons,Chris Nagorski,L,R,Offspeed,Foul,,,000,-0.922907536,-0.087153567,
Top 6,6,0,0,2,'0-2,London Majors,Toronto Maple Leafs,"May 18, 2025",,,,Toby Simmons,Chris Nagorski,L,R,Fastball,Ball,,,000,1.087034477,1.257542621,
Top 6,6,0,1,2,'1-2,London Majors,Toronto Maple Leafs,"May 18, 2025",,,,Toby Simmons,Chris Nagorski,L,R,Fastball,Foul,,,000,-1.138258466,0.850345888,
Top 6,6,0,1,2,'1-2,London Majors,Toronto Maple Leafs,"May 18, 2025",,,,Toby Simmons,Chris Nagorski,L,R,Fastball,Strikeout Swinging,,,000,0.488837449,1.087088174,
Top 6,6,1,0,0,'0-0,London Majors,Toronto Maple Leafs,"May 18, 2025",,,,Francisco Fajardo,Chris Nagorski,L,R,Fastball,Ball,,,000,0.464909568,1.238603238,
Top 6,6,1,1,0,'1-0,London Majors,Toronto Maple Leafs,"May 18, 2025",,,,Francisco Fajardo,Chris Nagorski,L,R,Offspeed,Ball,,,000,0.752044141,-0.238668631,
Top 6,6,1,2,0,'2-0,London Majors,Toronto Maple Leafs,"May 18, 2025",,,,Francisco Fajardo,Chris Nagorski,L,R,Offspeed,Called Strike,,,000,0.656332617,0.509436995,
Top 6,6,1,2,1,'2-1,London Majors,Toronto Maple Leafs,"May 18, 2025",,,,Francisco Fajardo,Chris Nagorski,L,R,Fastball,Single,Ground Ball,Opposite Field,000,-0.157215341,0.850345888,
Top 6,6,1,0,0,'0-0,London Majors,Toronto Maple Leafs,"May 18, 2025",,,,Kaiden Cardoso,Chris Nagorski,L,R,Fastball,Ball,,,100,1.493808456,0.812467122,
Top 6,6,1,1,0,'1-0,London Majors,Toronto Maple Leafs,"May 18, 2025",,,,Kaiden Cardoso,Chris Nagorski,L,R,Fastball,Ball,,,100,-1.162186347,0.234815943,
Top 6,6,1,2,0,'2-0,London Majors,Toronto Maple Leafs,"May 18, 2025",,,,,,,,,Caught Stealing,,,,,,
Top 6,6,2,2,0,'2-0,London Majors,Toronto Maple Leafs,"May 18, 2025",,,,Kaiden Cardoso,Chris Nagorski,L,R,Offspeed,Home Run,,,000,0.584548974,0.367391623,
Top 6,6,2,0,0,'0-0,London Majors,Toronto Maple Leafs,"May 18, 2025",,,,Eduardo De Oleo,Chris Nagorski,R,R,Fastball,Ball,,,000,1.422024812,0.67042175,
Top 6,6,2,1,0,'1-0,London Majors,Toronto Maple Leafs,"May 18, 2025",,,,Eduardo De Oleo,Chris Nagorski,R,R,Fastball,Foul,,,000,0.393125925,1.12496694,
Top 6,6,2,1,1,'1-1,London Majors,Toronto Maple Leafs,"May 18, 2025",,,,Eduardo De Oleo,Chris Nagorski,R,R,Offspeed,Popout,Pop Up,Opposite Field,000,0.752044141,0.727239899,
Bottom 6,6,0,0,0,'0-0,Toronto Maple Leafs,London Majors,"May 18, 2025",,,,Spenser Ross,Colby Ring,R,L,Offspeed,Ball,,,000,0.488837449,-0.447001843,
Bottom 6,6,0,1,0,'1-0,Toronto Maple Leafs,London Majors,"May 18, 2025",,,,Spenser Ross,Colby Ring,R,L,Fastball,Ball,,,000,0.72811626,-0.200789865,
Bottom 6,6,0,2,0,'2-0,Toronto Maple Leafs,London Majors,"May 18, 2025",,,,Spenser Ross,Colby Ring,R,L,Fastball,Ball,,,000,1.326313288,0.367391623,
Bottom 6,6,0,3,0,'3-0,Toronto Maple Leafs,London Majors,"May 18, 2025",,,,Spenser Ross,Colby Ring,R,L,Fastball,Walk,,,000,-0.707556606,1.134436632,
Bottom 6,6,0,0,0,'0-0,Toronto Maple Leafs,London Majors,"May 18, 2025",,,,Ryan Dos Santos,Colby Ring,L,L,Offspeed,Ball,,,100,1.15881812,0.083300879,
Bottom 6,6,0,1,0,'1-0,Toronto Maple Leafs,London Majors,"May 18, 2025",,,,Ryan Dos Santos,Colby Ring,L,L,Fastball,Called Strike,,,100,0.775972022,0.272694708,
Bottom 6,6,0,1,1,'1-1,Toronto Maple Leafs,London Majors,"May 18, 2025",,,,Ryan Dos Santos,Colby Ring,L,L,Offspeed,Ball,,,100,-0.324710509,1.276482004,
Bottom 6,6,0,2,1,'2-1,Toronto Maple Leafs,London Majors,"May 18, 2025",,,,Ryan Dos Santos,Colby Ring,L,L,Fastball,Ball,,,100,1.637375742,0.017013039,
Bottom 6,6,0,3,1,'3-1,Toronto Maple Leafs,London Majors,"May 18, 2025",,,,Ryan Dos Santos,Colby Ring,L,L,Fastball,Swinging Strike,,,100,0.72811626,0.320043166,
Bottom 6,6,0,3,2,'3-2,Toronto Maple Leafs,London Majors,"May 18, 2025",,,,Ryan Dos Santos,Colby Ring,L,L,Fastball,Strikeout Swinging,,,100,0.94346719,0.395800697,
Bottom 6,6,1,0,0,'0-0,Toronto Maple Leafs,London Majors,"May 18, 2025",,,,Jhon Javier,Colby Ring,R,L,Offspeed,Ball,,,100,-0.827196012,1.143906323,
Bottom 6,6,1,1,0,'1-0,Toronto Maple Leafs,London Majors,"May 18, 2025",,,,Jhon Javier,Colby Ring,R,L,Offspeed,Ball,,,100,0.680260498,1.238603238,
Bottom 6,6,1,2,0,'2-0,Toronto Maple Leafs,London Majors,"May 18, 2025",,,,Jhon Javier,Colby Ring,R,L,Fastball,Called Strike,,,100,0.752044141,0.755648973,
Bottom 6,6,1,2,1,'2-1,Toronto Maple Leafs,London Majors,"May 18, 2025",,,,Jhon Javier,Colby Ring,R,L,Fastball,Ball,,,100,-0.324710509,1.153376015,
Bottom 6,6,1,3,1,'3-1,Toronto Maple Leafs,London Majors,"May 18, 2025",,,,Jhon Javier,Colby Ring,R,L,Fastball,Foul,,,100,0.823827785,0.537846069,
Bottom 6,6,1,3,2,'3-2,Toronto Maple Leafs,London Majors,"May 18, 2025",,,,Jhon Javier,Colby Ring,R,L,Fastball,Double,,,100,0.704188379,0.727239899,
Bottom 6,6,1,0,0,'0-0,Toronto Maple Leafs,London Majors,"May 18, 2025",,,,Rando Moreno,Colby Ring,R,L,Offspeed,Popout,Pop Up,Straightaway,011,0.249558638,0.367391623,
Bottom 6,6,2,0,0,'0-0,Toronto Maple Leafs,London Majors,"May 18, 2025",,,,Jordan Castaldo,Colby Ring,L,L,Offspeed,Called Strike,,,011,0.632404736,0.225346251,
Bottom 6,6,2,0,1,'0-1,Toronto Maple Leafs,London Majors,"May 18, 2025",,,,Jordan Castaldo,Colby Ring,L,L,Offspeed,Called Strike,,,011,0.656332617,0.509436995,
Bottom 6,6,2,0,2,'0-2,Toronto Maple Leafs,London Majors,"May 18, 2025",,,,Jordan Castaldo,Colby Ring,L,L,Offspeed,Strikeout Looking,,,011,-0.420422033,0.765118665,
Top 7,7,0,0,0,'0-0,London Majors,Toronto Maple Leafs,"May 18, 2025",,,,Byron Reichstein,Adam Marra,L,L,Fastball,Single,Fly Ball,Straightaway,000,0.249558638,0.831406505,
Top 7,7,0,0,0,'0-0,London Majors,Toronto Maple Leafs,"May 18, 2025",,,,Ty Mosher,Adam Marra,L,L,Offspeed,Foul,,,100,-0.659700844,0.982921568,
Top 7,7,0,0,1,'0-1,London Majors,Toronto Maple Leafs,"May 18, 2025",,,,Ty Mosher,Adam Marra,L,L,Offspeed,Error,Ground Ball,Pull,100,-0.228998984,0.395800697,
Top 7,7,0,0,0,'0-0,London Majors,Toronto Maple Leafs,"May 18, 2025",,,,Champ Garner,Adam Marra,R,L,Offspeed,Ball,,,101,1.445952693,-0.087153567,
Top 7,7,0,1,0,'1-0,London Majors,Toronto Maple Leafs,"May 18, 2025",,,,Champ Garner,Adam Marra,R,L,Offspeed,Ball,,,101,-0.037575935,1.219663855,
Top 7,7,0,2,0,'2-0,London Majors,Toronto Maple Leafs,"May 18, 2025",,,,Champ Garner,Adam Marra,R,L,Offspeed,Ball,,,101,-1.521104564,-0.115562642,
Top 7,7,0,3,0,'3-0,London Majors,Toronto Maple Leafs,"May 18, 2025",,,,Champ Garner,Adam Marra,R,L,Fastball,Walk,,,101,1.278457526,0.130649337,
Top 7,7,0,0,0,'0-0,London Majors,Toronto Maple Leafs,"May 18, 2025",,,,Brad Verhoeven,Adam Marra,L,L,Offspeed,Called Strike,,,111,0.129919232,0.689361133,
Top 7,7,0,0,1,'0-1,London Majors,Toronto Maple Leafs,"May 18, 2025",,,,Brad Verhoeven,Adam Marra,L,L,Offspeed,Ball,,,111,0.991322952,-0.238668631,
Top 7,7,0,1,1,'1-1,London Majors,Toronto Maple Leafs,"May 18, 2025",,,,Brad Verhoeven,Adam Marra,L,L,Offspeed,Ball,,,111,-2.382508284,1.19125478,
Top 7,7,0,2,1,'2-1,London Majors,Toronto Maple Leafs,"May 18, 2025",,,,Brad Verhoeven,Adam Marra,L,L,Fastball,Double Play,Ground Ball,Straightaway,111,1.37416905,0.556785452,
Top 7,7,2,0,0,'0-0,London Majors,Toronto Maple Leafs,"May 18, 2025",,,,Adrian Harrison,Jeremy Newton,R,R,Fastball,Ball,,,011,0.058135589,1.12496694,
Top 7,7,2,1,0,'1-0,London Majors,Toronto Maple Leafs,"May 18, 2025",,,,Adrian Harrison,Jeremy Newton,R,R,Offspeed,Ball,,,011,-1.449320921,-0.143971716,
Top 7,7,2,2,0,'2-0,London Majors,Toronto Maple Leafs,"May 18, 2025",,,,Adrian Harrison,Jeremy Newton,R,R,Fastball,Ball,,,011,1.182746001,1.19125478,
Top 7,7,2,3,0,'3-0,London Majors,Toronto Maple Leafs,"May 18, 2025",,,,Adrian Harrison,Jeremy Newton,R,R,Fastball,Walk,,,011,-0.827196012,1.12496694,
Top 7,7,2,0,0,'0-0,London Majors,Toronto Maple Leafs,"May 18, 2025",,,,Toby Simmons,Jeremy Newton,L,R,Fastball,Called Strike,,,111,0.847755666,0.651482367,
Top 7,7,2,0,1,'0-1,London Majors,Toronto Maple Leafs,"May 18, 2025",,,,Toby Simmons,Jeremy Newton,L,R,Fastball,Ball,,,111,1.326313288,0.907164036,
Top 7,7,2,1,1,'1-1,London Majors,Toronto Maple Leafs,"May 18, 2025",,,,Toby Simmons,Jeremy Newton,L,R,Fastball,Called Strike,,,111,-0.587917201,0.916633728,
Top 7,7,2,1,2,'1-2,London Majors,Toronto Maple Leafs,"May 18, 2025",,,,Toby Simmons,Jeremy Newton,L,R,Fastball,Walk,,,111,0.919539309,1.181785089,
Top 7,7,2,0,0,'0-0,London Majors,Toronto Maple Leafs,"May 18, 2025",,,,Toby Simmons,Jeremy Newton,L,R,Offspeed,Ball,,,111,-1.377537277,0.784058047,
Top 7,7,2,1,0,'1-0,London Majors,Toronto Maple Leafs,"May 18, 2025",,,,Toby Simmons,Jeremy Newton,L,R,Fastball,Walk,,,111,0.704188379,1.115497249,
Top 7,7,2,0,0,'0-0,London Majors,Toronto Maple Leafs,"May 18, 2025",,,,Francisco Fajardo,Jeremy Newton,L,R,Fastball,Groundout,Ground Ball,Straightaway,111,0.608476855,0.386331006,
Bottom 7,7,0,0,0,'0-0,Toronto Maple Leafs,London Majors,"May 18, 2025",,,,Justin Marra,Colby Ring,L,L,Fastball,Called Strike,,,000,-0.013648054,0.234815943,
Bottom 7,7,0,0,1,'0-1,Toronto Maple Leafs,London Majors,"May 18, 2025",,,,Justin Marra,Colby Ring,L,L,Offspeed,Ball,,,000,-0.468277795,1.143906323,
Bottom 7,7,0,1,1,'1-1,Toronto Maple Leafs,London Majors,"May 18, 2025",,,,Justin Marra,Colby Ring,L,L,Offspeed,Called Strike,,,000,0.177774995,0.831406505,
Bottom 7,7,0,1,2,'1-2,Toronto Maple Leafs,London Majors,"May 18, 2025",,,,Justin Marra,Colby Ring,L,L,Fastball,Strikeout Looking,,,000,0.560621092,0.234815943,
Bottom 7,7,1,0,0,'0-0,Toronto Maple Leafs,London Majors,"May 18, 2025",,,,Dennis Dei Banning,Colby Ring,R,L,Fastball,Foul,,,000,-0.396494152,0.642012676,
Bottom 7,7,1,0,1,'0-1,Toronto Maple Leafs,London Majors,"May 18, 2025",,,,Dennis Dei Banning,Colby Ring,R,L,Fastball,Called Strike,,,000,0.010279827,0.338982549,
Bottom 7,7,1,0,2,'0-2,Toronto Maple Leafs,London Majors,"May 18, 2025",,,,Dennis Dei Banning,Colby Ring,R,L,Fastball,Foul,,,000,0.51276533,0.329512857,
Bottom 7,7,1,0,2,'0-2,Toronto Maple Leafs,London Majors,"May 18, 2025",,,,Dennis Dei Banning,Colby Ring,R,L,Offspeed,Ball,,,000,-0.468277795,1.0586791,
Bottom 7,7,1,1,2,'1-2,Toronto Maple Leafs,London Majors,"May 18, 2025",,,,Dennis Dei Banning,Colby Ring,R,L,Offspeed,Ball,,,000,0.393125925,1.115497249,
Bottom 7,7,1,2,2,'2-2,Toronto Maple Leafs,London Majors,"May 18, 2025",,,,Dennis Dei Banning,Colby Ring,R,L,Fastball,Groundout,Ground Ball,Straightaway,000,0.058135589,0.177997794,
Bottom 7,7,2,0,0,'0-0,Toronto Maple Leafs,London Majors,"May 18, 2025",,,,Marcus Knecht,Colby Ring,R,L,Offspeed,Ball,,,000,1.278457526,-0.001926344,
Bottom 7,7,2,1,0,'1-0,Toronto Maple Leafs,London Majors,"May 18, 2025",,,,Marcus Knecht,Colby Ring,R,L,Fastball,Ball,,,000,-0.34863839,1.087088174,
Bottom 7,7,2,2,0,'2-0,Toronto Maple Leafs,London Majors,"May 18, 2025",,,,Marcus Knecht,Colby Ring,R,L,Fastball,Called Strike,,,000,-0.396494152,0.177997794,
Bottom 7,7,2,2,1,'2-1,Toronto Maple Leafs,London Majors,"May 18, 2025",,,,Marcus Knecht,Colby Ring,R,L,Fastball,Double,Line Drive,Straightaway,000,-0.611845082,0.651482367,
Bottom 7,7,2,0,0,'0-0,Toronto Maple Leafs,London Majors,"May 18, 2025",,,,Jeffrey Mejia,Colby Ring,R,L,Offspeed,Swinging Strike,,,010,0.034207708,0.301103783,
Bottom 7,7,2,0,1,'0-1,Toronto Maple Leafs,London Majors,"May 18, 2025",,,,Jeffrey Mejia,Colby Ring,R,L,Offspeed,Foul,,,010,0.871683547,0.130649337,
Bottom 7,7,2,0,2,'0-2,Toronto Maple Leafs,London Majors,"May 18, 2025",,,,Jeffrey Mejia,Colby Ring,R,L,Offspeed,Groundout,Ground Ball,Pull,010,0.656332617,0.159058411,
Top 8,8,0,0,0,'0-0,London Majors,Toronto Maple Leafs,"May 18, 2025",,,,Kaiden Cardoso,Sebastian Rodriguez,L,R,Fastball,Ball,,,000,1.469880574,0.916633728,
Top 8,8,0,1,0,'1-0,London Majors,Toronto Maple Leafs,"May 18, 2025",,,,Kaiden Cardoso,Sebastian Rodriguez,L,R,Fastball,Swinging Strike,,,000,0.656332617,0.717770207,
Top 8,8,0,1,1,'1-1,London Majors,Toronto Maple Leafs,"May 18, 2025",,,,Kaiden Cardoso,Sebastian Rodriguez,L,R,Offspeed,Ball,,,000,1.302385407,0.518906687,
Top 8,8,0,2,1,'2-1,London Majors,Toronto Maple Leafs,"May 18, 2025",,,,Kaiden Cardoso,Sebastian Rodriguez,L,R,Fastball,Called Strike,,,000,0.799899903,0.405270389,
Top 8,8,0,2,2,'2-2,London Majors,Toronto Maple Leafs,"May 18, 2025",,,,Kaiden Cardoso,Sebastian Rodriguez,L,R,Fastball,Strikeout Swinging,,,000,0.72811626,0.660952058,
Top 8,8,1,0,0,'0-0,London Majors,Toronto Maple Leafs,"May 18, 2025",,,,Eduardo De Oleo,Sebastian Rodriguez,R,R,Offspeed,Foul,,,000,0.72811626,0.518906687,
Top 8,8,1,0,1,'0-1,London Majors,Toronto Maple Leafs,"May 18, 2025",,,,Eduardo De Oleo,Sebastian Rodriguez,R,R,Fastball,Flyout,Fly Ball,Straightaway,000,0.536693211,0.481027921,
Top 8,8,2,0,0,'0-0,London Majors,Toronto Maple Leafs,"May 18, 2025",,,,Byron Reichstein,Sebastian Rodriguez,L,R,Offspeed,Ball,,,000,-0.803268131,-0.219729248,
Top 8,8,2,1,0,'1-0,London Majors,Toronto Maple Leafs,"May 18, 2025",,,,Byron Reichstein,Sebastian Rodriguez,L,R,Offspeed,Called Strike,,,000,0.608476855,0.225346251,
Top 8,8,2,1,1,'1-1,London Majors,Toronto Maple Leafs,"May 18, 2025",,,,Byron Reichstein,Sebastian Rodriguez,L,R,Offspeed,Swinging Strike,,,000,-0.540061439,-0.248138322,
Top 8,8,2,1,2,'1-2,London Majors,Toronto Maple Leafs,"May 18, 2025",,,,Byron Reichstein,Sebastian Rodriguez,L,R,Fastball,Foul,,,000,0.823827785,0.897694345,
Top 8,8,2,1,2,'1-2,London Majors,Toronto Maple Leafs,"May 18, 2025",,,,Byron Reichstein,Sebastian Rodriguez,L,R,Offspeed,Ball,,,000,1.493808456,0.159058411,
Top 8,8,2,2,2,'2-2,London Majors,Toronto Maple Leafs,"May 18, 2025",,,,Byron Reichstein,Sebastian Rodriguez,L,R,Fastball,Strikeout Swinging,,,000,0.752044141,0.651482367,
Bottom 8,8,0,0,0,'0-0,Toronto Maple Leafs,London Majors,"May 18, 2025",,,,Spenser Ross,Jonathan Henry,R,R,Fastball,Ball,,,000,-0.540061439,1.19125478,
Bottom 8,8,0,1,0,'1-0,Toronto Maple Leafs,London Majors,"May 18, 2025",,,,Spenser Ross,Jonathan Henry,R,R,Fastball,Ball,,,000,0.560621092,1.106027557,
Bottom 8,8,0,2,0,'2-0,Toronto Maple Leafs,London Majors,"May 18, 2025",,,,Spenser Ross,Jonathan Henry,R,R,Fastball,Flyout,Fly Ball,Straightaway,000,0.417053806,0.80299743,
Bottom 8,8,1,0,0,'0-0,Toronto Maple Leafs,London Majors,"May 18, 2025",,,,Ryan Dos Santos,Jonathan Henry,L,R,Offspeed,Ball,,,000,0.72811626,-0.238668631,
Bottom 8,8,1,1,0,'1-0,Toronto Maple Leafs,London Majors,"May 18, 2025",,,,Ryan Dos Santos,Jonathan Henry,L,R,Fastball,Ball,,,000,1.493808456,0.575724835,
Bottom 8,8,1,2,0,'2-0,Toronto Maple Leafs,London Majors,"May 18, 2025",,,,Ryan Dos Santos,Jonathan Henry,L,R,Fastball,Ball,,,000,-0.300782627,1.115497249,
Bottom 8,8,1,3,0,'3-0,Toronto Maple Leafs,London Majors,"May 18, 2025",,,,Ryan Dos Santos,Jonathan Henry,L,R,Fastball,Called Strike,,,000,0.464909568,0.130649337,
Bottom 8,8,1,3,1,'3-1,Toronto Maple Leafs,London Majors,"May 18, 2025",,,,Ryan Dos Santos,Jonathan Henry,L,R,Offspeed,Walk,,,000,0.560621092,-0.286017088,
Bottom 8,8,1,0,0,'0-0,Toronto Maple Leafs,London Majors,"May 18, 2025",,,,Jhon Javier,Jonathan Henry,R,R,Offspeed,Called Strike,,,100,-0.037575935,0.897694345,
Bottom 8,8,1,0,1,'0-1,Toronto Maple Leafs,London Majors,"May 18, 2025",,,,Jhon Javier,Jonathan Henry,R,R,Offspeed,Called Strike,,,100,0.51276533,0.727239899,
Bottom 8,8,1,0,2,'0-2,Toronto Maple Leafs,London Majors,"May 18, 2025",,,,Jhon Javier,Jonathan Henry,R,R,Offspeed,Flyout,Line Drive,Pull,100,0.536693211,0.499967304,
Bottom 8,8,2,0,0,'0-0,Toronto Maple Leafs,London Majors,"May 18, 2025",,,,Rando Moreno,Jonathan Henry,L,R,Fastball,Called Strike,,,100,0.632404736,0.462088538,
Bottom 8,8,2,0,1,'0-1,Toronto Maple Leafs,London Majors,"May 18, 2025",,,,Rando Moreno,Jonathan Henry,L,R,Fastball,Ball,,,100,1.445952693,0.263225017,
Bottom 8,8,2,1,1,'1-1,Toronto Maple Leafs,London Majors,"May 18, 2025",,,,Rando Moreno,Jonathan Henry,L,R,Offspeed,Swinging Strike,,,100,0.847755666,-0.191320173,
Bottom 8,8,2,1,2,'1-2,Toronto Maple Leafs,London Majors,"May 18, 2025",,,,Rando Moreno,Jonathan Henry,L,R,Offspeed,Single,,,100,0.584548974,0.34845224,
Bottom 8,8,2,0,0,'0-0,Toronto Maple Leafs,London Majors,"May 18, 2025",,,,Jordan Castaldo,Jonathan Henry,L,R,Fastball,Called Strike,,,101,0.72811626,0.452618846,
Bottom 8,8,2,0,1,'0-1,Toronto Maple Leafs,London Majors,"May 18, 2025",,,,Jordan Castaldo,Jonathan Henry,L,R,Fastball,Ball,,,101,1.15881812,0.34845224,
Bottom 8,8,2,1,1,'1-1,Toronto Maple Leafs,London Majors,"May 18, 2025",,,,Jordan Castaldo,Jonathan Henry,L,R,Fastball,Home Run,,,101,1.110962358,0.272694708,
Bottom 8,8,2,0,0,'0-0,Toronto Maple Leafs,London Majors,"May 18, 2025",,,,Justin Marra,Jonathan Henry,L,R,Fastball,Ball,,,000,0.680260498,1.248072929,
Bottom 8,8,2,1,0,'1-0,Toronto Maple Leafs,London Majors,"May 18, 2025",,,,Justin Marra,Jonathan Henry,L,R,Fastball,Popout,Pop Up,Straightaway,000,0.058135589,0.329512857,
Top 9,9,0,0,0,'0-0,London Majors,Toronto Maple Leafs,"May 18, 2025",,,,Ty Mosher,Sebastian Rodriguez,L,R,Fastball,Ball,,,000,1.517736337,1.077618483,
Top 9,9,0,1,0,'1-0,London Majors,Toronto Maple Leafs,"May 18, 2025",,,,Ty Mosher,Sebastian Rodriguez,L,R,Fastball,Ball,,,000,1.422024812,0.897694345,
Top 9,9,0,2,0,'2-0,London Majors,Toronto Maple Leafs,"May 18, 2025",,,,Ty Mosher,Sebastian Rodriguez,L,R,Offspeed,Called Strike,,,000,0.704188379,0.291634091,
Top 9,9,0,2,1,'2-1,London Majors,Toronto Maple Leafs,"May 18, 2025",,,,Ty Mosher,Sebastian Rodriguez,L,R,Offspeed,Swinging Strike,,,000,0.680260498,0.234815943,
Top 9,9,0,2,2,'2-2,London Majors,Toronto Maple Leafs,"May 18, 2025",,,,Ty Mosher,Sebastian Rodriguez,L,R,Fastball,Groundout,,,000,0.632404736,0.556785452,
Top 9,9,1,0,0,'0-0,London Majors,Toronto Maple Leafs,"May 18, 2025",,,,Champ Garner,Sebastian Rodriguez,R,R,Offspeed,Ball,,,000,-1.21004211,-0.049274801,
Top 9,9,1,1,0,'1-0,London Majors,Toronto Maple Leafs,"May 18, 2025",,,,Champ Garner,Sebastian Rodriguez,R,R,Offspeed,Swinging Strike,,,000,-0.611845082,-0.210259556,
Top 9,9,1,1,1,'1-1,London Majors,Toronto Maple Leafs,"May 18, 2025",,,,Champ Garner,Sebastian Rodriguez,R,R,Offspeed,Called Strike,,,000,0.632404736,0.177997794,
Top 9,9,1,1,2,'1-2,London Majors,Toronto Maple Leafs,"May 18, 2025",,,,Champ Garner,Sebastian Rodriguez,R,R,Offspeed,Single,Ground Ball,Straightaway,000,-0.324710509,0.443149155,
Top 9,9,1,0,0,'0-0,London Majors,Toronto Maple Leafs,"May 18, 2025",,,,Brad Verhoeven,Sebastian Rodriguez,L,R,Fastball,Foul,,,100,0.799899903,0.698830824,
Top 9,9,1,0,1,'0-1,London Majors,Toronto Maple Leafs,"May 18, 2025",,,,Brad Verhoeven,Sebastian Rodriguez,L,R,Fastball,Swinging Strike,,,100,0.799899903,-0.10609295,
Top 9,9,1,0,2,'0-2,London Majors,Toronto Maple Leafs,"May 18, 2025",,,,Brad Verhoeven,Sebastian Rodriguez,,,,Caught Stealing,,,,,,
Top 9,9,2,0,0,'0-0,London Majors,Toronto Maple Leafs,"May 18, 2025",,,,Adrian Harrison,Sebastian Rodriguez,R,R,Fastball,Swinging Strike,,,100,0.680260498,0.140119028,
Top 9,9,2,0,1,'0-1,London Majors,Toronto Maple Leafs,"May 18, 2025",,,,Adrian Harrison,Sebastian Rodriguez,R,R,Offspeed,Foul,,,100,-0.540061439,0.291634091,
Top 9,9,2,0,2,'0-2,London Majors,Toronto Maple Leafs,"May 18, 2025",,,,Adrian Harrison,Sebastian Rodriguez,R,R,Fastball,Ball,,,100,1.37416905,0.99239126,
Top 9,9,2,1,2,'1-2,London Majors,Toronto Maple Leafs,"May 18, 2025",,,,Adrian Harrison,Sebastian Rodriguez,R,R,Offspeed,Foul,,,100,-1.257897872,0.395800697,
Top 9,9,2,1,2,'1-2,London Majors,Toronto Maple Leafs,"May 18, 2025",,,,Adrian Harrison,Sebastian Rodriguez,R,R,Offspeed,Strikeout Swinging,,,100,-0.731484487,0.064361496,
Bottom 9,9,0,0,0,'0-0,Toronto Maple Leafs,London Majors,"May 18, 2025",,,,Dennis Dei Banning,Janisse,R,R,Fastball,Ball,,,000,-0.013648054,1.087088174,
Bottom 9,9,0,1,0,'1-0,Toronto Maple Leafs,London Majors,"May 18, 2025",,,,Dennis Dei Banning,Janisse,R,R,Offspeed,Ball,,,000,-1.353609396,-0.125032333,
Bottom 9,9,0,2,0,'2-0,Toronto Maple Leafs,London Majors,"May 18, 2025",,,,Dennis Dei Banning,Janisse,R,R,Fastball,Called Strike,,,000,-0.827196012,0.632542984,
Bottom 9,9,0,2,1,'2-1,Toronto Maple Leafs,London Majors,"May 18, 2025",,,,Dennis Dei Banning,Janisse,R,R,Fastball,Foul,,,000,0.08206347,0.926103419,
Bottom 9,9,0,2,2,'2-2,Toronto Maple Leafs,London Majors,"May 18, 2025",,,,Dennis Dei Banning,Janisse,R,R,Fastball,Strikeout Swinging,,,000,-0.444349914,0.831406505,
Bottom 9,9,1,0,0,'0-0,Toronto Maple Leafs,London Majors,"May 18, 2025",,,,Marcus Knecht,Janisse,R,R,Offspeed,Ball,,,000,0.560621092,-0.248138322,
Bottom 9,9,1,1,0,'1-0,Toronto Maple Leafs,London Majors,"May 18, 2025",,,,Marcus Knecht,Janisse,R,R,Fastball,Ball,,,000,-0.77934025,0.547315761,
Bottom 9,9,1,2,0,'2-0,Toronto Maple Leafs,London Majors,"May 18, 2025",,,,Marcus Knecht,Janisse,R,R,Offspeed,Ball,,,000,0.536693211,1.096557866,
Bottom 9,9,1,3,0,'3-0,Toronto Maple Leafs,London Majors,"May 18, 2025",,,,Marcus Knecht,Janisse,R,R,Fastball,Called Strike,,,000,0.393125925,0.537846069,
Bottom 9,9,1,3,1,'3-1,Toronto Maple Leafs,London Majors,"May 18, 2025",,,,Marcus Knecht,Janisse,R,R,Fastball,Foul,,,000,0.464909568,0.954512494,
Bottom 9,9,1,3,2,'3-2,Toronto Maple Leafs,London Majors,"May 18, 2025",,,,Marcus Knecht,Janisse,R,R,Offspeed,Walk,,,000,-1.353609396,-0.238668631,
Bottom 9,9,1,0,0,'0-0,Toronto Maple Leafs,London Majors,"May 18, 2025",,,,Jeffrey Mejia,Janisse,R,R,Fastball,Called Strike,,,100,-0.516133557,0.196937177,
Bottom 9,9,1,0,1,'0-1,Toronto Maple Leafs,London Majors,"May 18, 2025",,,,Jeffrey Mejia,Janisse,R,R,Offspeed,Foul,,,100,0.440981687,0.452618846,
Bottom 9,9,1,0,2,'0-2,Toronto Maple Leafs,London Majors,"May 18, 2025",,,,Jeffrey Mejia,Janisse,R,R,Fastball,Strikeout Swinging,,,100,0.823827785,0.338982549,
Bottom 9,9,2,0,0,'0-0,Toronto Maple Leafs,London Majors,"May 18, 2025",,,,Spenser Ross,Janisse,R,R,Fastball,Ball,,,100,-1.090402704,0.613603601,
Bottom 9,9,2,1,0,'1-0,Toronto Maple Leafs,London Majors,"May 18, 2025",,,,Spenser Ross,Janisse,R,R,Fastball,Ball,,,100,0.847755666,1.181785089,
Bottom 9,9,2,2,0,'2-0,Toronto Maple Leafs,London Majors,"May 18, 2025",,,,Spenser Ross,Janisse,R,R,Fastball,Ball,,,100,1.182746001,0.660952058,
Bottom 9,9,2,3,0,'3-0,Toronto Maple Leafs,London Majors,"May 18, 2025",,,,Spenser Ross,Janisse,R,R,Fastball,Walk,,,100,-1.114330585,0.727239899,
Bottom 9,9,2,0,0,'0-0,Toronto Maple Leafs,London Majors,"May 18, 2025",,,,Ryan Dos Santos,Janisse,L,R,Offspeed,Ball,,,110,1.254529645,-0.115562642,
Bottom 9,9,2,1,0,'1-0,Toronto Maple Leafs,London Majors,"May 18, 2025",,,,Ryan Dos Santos,Janisse,L,R,Fastball,Foul,,,110,0.417053806,0.651482367,
Bottom 9,9,2,1,1,'1-1,Toronto Maple Leafs,London Majors,"May 18, 2025",,,,Ryan Dos Santos,Janisse,L,R,Fastball,Ball,,,110,0.847755666,-0.058744493,
Bottom 9,9,2,2,1,'2-1,Toronto Maple Leafs,London Majors,"May 18, 2025",,,,Ryan Dos Santos,Janisse,L,R,Offspeed,Groundout,Ground Ball,Pull,110,-0.181143222,0.301103783,
Top 10,10,0,0,0,'0-0,London Majors,Toronto Maple Leafs,"May 18, 2025",,,,Toby Simmons,Sebastian Rodriguez,L,R,Fastball,Swinging Strike,,,010,0.847755666,-0.200789865,
Top 10,10,0,0,1,'0-1,London Majors,Toronto Maple Leafs,"May 18, 2025",,,,Toby Simmons,Sebastian Rodriguez,L,R,Fastball,Foul,,,010,1.182746001,0.462088538,
Top 10,10,0,0,2,'0-2,London Majors,Toronto Maple Leafs,"May 18, 2025",,,,Toby Simmons,Sebastian Rodriguez,L,R,Fastball,Ball,,,010,1.254529645,0.272694708,
Top 10,10,0,1,2,'1-2,London Majors,Toronto Maple Leafs,"May 18, 2025",,,,Toby Simmons,Sebastian Rodriguez,L,R,Offspeed,Ball,,,010,0.991322952,0.225346251,
Top 10,10,0,2,2,'2-2,London Majors,Toronto Maple Leafs,"May 18, 2025",,,,Toby Simmons,Sebastian Rodriguez,L,R,Offspeed,Ball,,,010,1.469880574,1.039739717,
Top 10,10,0,3,2,'3-2,London Majors,Toronto Maple Leafs,"May 18, 2025",,,,Toby Simmons,Sebastian Rodriguez,L,R,Fastball,Walk,,,010,1.780943029,0.916633728,
Top 10,10,0,0,0,'0-0,London Majors,Toronto Maple Leafs,"May 18, 2025",,,,Francisco Fajardo,Sebastian Rodriguez,L,R,Fastball,Single,Ground Ball,Opposite Field,110,0.656332617,0.660952058,
Top 10,10,0,0,0,'0-0,London Majors,Toronto Maple Leafs,"May 18, 2025",,,,Kaiden Cardoso,Sebastian Rodriguez,L,R,Offspeed,Foul,,,111,0.72811626,0.443149155,
Top 10,10,0,0,1,'0-1,London Majors,Toronto Maple Leafs,"May 18, 2025",,,,Kaiden Cardoso,Sebastian Rodriguez,L,R,Offspeed,Ball,,,111,1.15881812,0.140119028,
Top 10,10,0,1,1,'1-1,London Majors,Toronto Maple Leafs,"May 18, 2025",,,,Kaiden Cardoso,Sebastian Rodriguez,L,R,Offspeed,Double,Fly Ball,Opposite Field,111,0.656332617,0.708300516,
Top 10,10,0,0,0,'0-0,London Majors,Toronto Maple Leafs,"May 18, 2025",,,,Eduardo De Oleo,Sebastian Rodriguez,R,R,Fastball,Groundout,,,011,-0.061503816,0.395800697,
Top 10,10,1,0,0,'0-0,London Majors,Toronto Maple Leafs,"May 18, 2025",,,,Byron Reichstein,Sebastian Rodriguez,L,R,Fastball,Groundout,Ground Ball,Pull,011,0.775972022,0.585194527,
Top 10,10,2,0,0,'0-0,London Majors,Toronto Maple Leafs,"May 18, 2025",,,,Champ Garner,Sebastian Rodriguez,R,R,Offspeed,Foul,,,101,0.584548974,0.869285271,
Top 10,10,2,0,1,'0-1,London Majors,Toronto Maple Leafs,"May 18, 2025",,,,Champ Garner,Sebastian Rodriguez,R,R,Offspeed,Double,Fly Ball,Pull,101,0.201702876,0.698830824,
Top 10,10,2,0,0,'0-0,London Majors,Toronto Maple Leafs,"May 18, 2025",,,,Brad Verhoeven,CarColby Rington,L,R,Fastball,Ball,,,011,1.398096931,-0.200789865,
Top 10,10,2,1,0,'1-0,London Majors,Toronto Maple Leafs,"May 18, 2025",,,,Brad Verhoeven,CarColby Rington,L,R,Fastball,Ball,,,011,0.799899903,1.238603238,
Top 10,10,2,2,0,'2-0,London Majors,Toronto Maple Leafs,"May 18, 2025",,,,Brad Verhoeven,CarColby Rington,L,R,Fastball,Ball,,,011,0.034207708,0.850345888,
Top 10,10,2,3,0,'3-0,London Majors,Toronto Maple Leafs,"May 18, 2025",,,,Brad Verhoeven,CarColby Rington,L,R,Fastball,Flyout,Fly Ball,Opposite Field,011,0.680260498,0.206406868,
Bottom 10,10,0,0,0,'0-0,Toronto Maple Leafs,London Majors,"May 18, 2025",,,,Jhon Javier,Janisse,R,R,Fastball,Called Strike,,,010,0.034207708,0.945042802,
Bottom 10,10,0,0,1,'0-1,Toronto Maple Leafs,London Majors,"May 18, 2025",,,,Jhon Javier,Janisse,R,R,Offspeed,Called Strike,,,010,0.704188379,0.556785452,
Bottom 10,10,0,0,2,'0-2,Toronto Maple Leafs,London Majors,"May 18, 2025",,,,Jhon Javier,Janisse,R,R,Offspeed,Single,Ground Ball,Straightaway,010,0.010279827,0.831406505,
Bottom 10,10,0,0,0,'0-0,Toronto Maple Leafs,London Majors,"May 18, 2025",,,,Rando Moreno,Janisse,L,R,Fastball,Ball,,,110,-1.521104564,1.172315397,
Bottom 10,10,0,1,0,'1-0,Toronto Maple Leafs,London Majors,"May 18, 2025",,,,Rando Moreno,Janisse,L,R,Offspeed,Home Run,Fly Ball,Pull,011,0.273486519,0.272694708,
Bottom 10,10,0,0,0,'0-0,Toronto Maple Leafs,London Majors,"May 18, 2025",,,,Jordan Castaldo,Janisse,L,R,Fastball,Ball,,,000,-0.037575935,1.087088174,
Bottom 10,10,0,1,0,'1-0,Toronto Maple Leafs,London Majors,"May 18, 2025",,,,Jordan Castaldo,Janisse,L,R,Fastball,Foul,,,000,-0.061503816,0.869285271,
Bottom 10,10,0,1,1,'1-1,Toronto Maple Leafs,London Majors,"May 18, 2025",,,,Jordan Castaldo,Janisse,L,R,Fastball,Ball,,,000,0.752044141,1.238603238,
Bottom 10,10,0,2,1,'2-1,Toronto Maple Leafs,London Majors,"May 18, 2025",,,,Jordan Castaldo,Janisse,L,R,Fastball,Foul,,,000,-0.037575935,0.774588356,
Bottom 10,10,0,2,2,'2-2,Toronto Maple Leafs,London Majors,"May 18, 2025",,,,Jordan Castaldo,Janisse,L,R,Fastball,Foul,,,000,0.536693211,0.537846069,
Bottom 10,10,0,2,2,'2-2,Toronto Maple Leafs,London Majors,"May 18, 2025",,,,Jordan Castaldo,Janisse,L,R,Fastball,Foul,,,000,-0.587917201,0.518906687,
Bottom 10,10,0,2,2,'2-2,Toronto Maple Leafs,London Majors,"May 18, 2025",,,,Justin Marra,Janisse,L,R,Offspeed,Error,Ground Ball,Pull,000,-0.228998984,0.272694708,
Bottom 10,10,0,0,0,'0-0,Toronto Maple Leafs,London Majors,"May 18, 2025",,,,Dennis Dei Banning,Janisse,R,R,Fastball,Ball,,,100,0.680260498,1.106027557,
Bottom 10,10,0,1,0,'1-0,Toronto Maple Leafs,London Majors,"May 18, 2025",,,,Dennis Dei Banning,Janisse,R,R,Fastball,Swinging Strike,,,100,0.058135589,0.73670959,
Bottom 10,10,0,1,1,'1-1,Toronto Maple Leafs,London Majors,"May 18, 2025",,,,Dennis Dei Banning,Janisse,R,R,Fastball,Single,Ground Ball,Straightaway,100,0.51276533,0.320043166,
Bottom 10,10,0,0,0,'0-0,Toronto Maple Leafs,London Majors,"May 18, 2025",,,,Marcus Knecht,Janisse,R,R,Offspeed,Ball,,,110,-1.042546942,-0.03980511,
Bottom 10,10,0,1,0,'1-0,Toronto Maple Leafs,London Majors,"May 18, 2025",,,,Marcus Knecht,Janisse,R,R,Fastball,Called Strike,,,110,-0.540061439,0.34845224,
Bottom 10,10,0,1,1,'1-1,Toronto Maple Leafs,London Majors,"May 18, 2025",,,,Marcus Knecht,Janisse,R,R,Offspeed,Swinging Strike,,,110,-0.444349914,0.812467122,
Bottom 10,10,0,1,2,'1-2,Toronto Maple Leafs,London Majors,"May 18, 2025",,,,Marcus Knecht,Janisse,R,R,Offspeed,Foul,,,110,-0.56398932,0.272694708,
Bottom 10,10,0,1,2,'1-2,Toronto Maple Leafs,London Majors,"May 18, 2025",,,,Marcus Knecht,Janisse,R,R,Fastball,Groundout,Ground Ball,Straightaway,110,-0.34863839,1.106027557,
Bottom 10,10,1,0,0,'0-0,Toronto Maple Leafs,London Majors,"May 18, 2025",,,,Jeffrey Mejia,Janisse,R,R,Offspeed,Foul,,,101,-0.396494152,-0.134502024,
Bottom 10,10,1,0,1,'0-1,Toronto Maple Leafs,London Majors,"May 18, 2025",,,,Jeffrey Mejia,Janisse,R,R,Fastball,Ball,,,101,-0.875051774,1.087088174,
Bottom 10,10,1,1,1,'1-1,Toronto Maple Leafs,London Majors,"May 18, 2025",,,,Jeffrey Mejia,Janisse,R,R,Fastball,Swinging Strike,,,101,0.775972022,0.784058047,
Bottom 10,10,1,1,2,'1-2,Toronto Maple Leafs,London Majors,"May 18, 2025",,,,Jeffrey Mejia,Janisse,R,R,Offspeed,Foul,,,101,-0.683628725,0.159058411,
Bottom 10,10,1,1,2,'1-2,Toronto Maple Leafs,London Majors,"May 18, 2025",,,,Jeffrey Mejia,Janisse,R,R,Fastball,Ball,,,101,0.464909568,1.172315397,
Bottom 10,10,1,2,2,'2-2,Toronto Maple Leafs,London Majors,"May 18, 2025",,,,Jeffrey Mejia,Janisse,R,R,Offspeed,Foul,,,101,-0.396494152,0.149588719,
Bottom 10,10,1,2,2,'2-2,Toronto Maple Leafs,London Majors,"May 18, 2025",,,,Jeffrey Mejia,Janisse,R,R,Fastball,Strikeout Looking,,,101,-0.540061439,0.784058047,