Lo,Inning,Outs,Balls,Strikes,Count,Batter_Team,Pitcher_Team,Date,Home Team,Away Team,Pitcher_R_Allowed,Pitcher_ER_Allowed,Batter,Pitcher,Batter_Side,Pitcher_Side,Pitch_Type,Outcome,Quality of Contact,Spray Chart,Runners,Pitch_Location_X,Pitch_Location_Y,REMEMBER TO INSERT THE X AND Y POINTS AFTER EVERY HALF INNING! DON'T MISCLICK PLOTS
Top 1,1,0,0,0,'0-0,London,Barrie,"May 24, 2025",Barrie,London,,,Toby Simmons,Frank Garces,R,L,Offspeed,Ball,,,,-0.8402188,-0.1734774,
Top 1,1,0,1,0,'1-0,London,Barrie,"May 24, 2025",,,,,Toby Simmons,Frank Garces,R,L,Fastball,Called Strike,,,000,-1.090284,0.1182110652,
Top 1,1,0,1,1,'1-1,London,Barrie,"May 24, 2025",,,,,Toby Simmons,Frank Garces,R,L,Fastball,Called Strike,,,000,0.5812042159,0.07654129,
Top 1,1,0,1,2,'1-2,London,Barrie,"May 24, 2025",,,,,Toby Simmons,Frank Garces,R,L,Fastball,Groundout,Ground Ball,Opposite Field,000,-0.7875735,0.5036564886,
Top 1,1,1,0,0,'0-0,London,Barrie,"May 24, 2025",,,,,Francisco Farjado,Frank Garces,L,L,Fastball,Foul,,,000,0.6075268643,1.008902517,
Top 1,1,1,0,1,'0-1,London,Barrie,"May 24, 2025",,,,,Francisco Farjado,Frank Garces,L,L,Fastball,Ball,,,000,2.134240469,-0.0640942,
Top 1,1,1,1,1,'1-1,London,Barrie,"May 24, 2025",,,,,Francisco Farjado,Frank Garces,L,L,Offspeed,Ball,,,000,-1.7220275,1.467270047,
Top 1,1,1,2,1,'2-1,London,Barrie,"May 24, 2025",,,,,Francisco Farjado,Frank Garces,L,L,Fastball,Called Strike,,,000,0.515397595,0.2900988891,
Top 1,1,1,2,2,'2-2,London,Barrie,"May 24, 2025",,,,,Francisco Farjado,Frank Garces,L,L,Fastball,Strikeout Looking,,,000,0.9233986447,0.08175001,
Top 1,1,2,0,0,'0-0,London,Barrie,"May 24, 2025",,,,,Kaiden Cardoso,Frank Garces,L,L,Fastball,Ball,,,000,-1.2350585,1.175581619,
Top 1,1,2,1,0,'1-0,London,Barrie,"May 24, 2025",,,,,Kaiden Cardoso,Frank Garces,L,L,Fastball,Called Strike,,,000,0.3837843532,0.5609524299,
Top 1,1,2,1,1,'1-1,London,Barrie,"May 24, 2025",,,,,Kaiden Cardoso,Frank Garces,L,L,Fastball,Ball,,,000,0.8181080512,0.05049768,
Top 1,1,2,2,1,'2-1,London,Barrie,"May 24, 2025",,,,,Kaiden Cardoso,Frank Garces,L,L,Offspeed,Swinging Strike,,,000,0.1205578695,-0.1109727,
Top 1,1,2,2,2,'2-2,London,Barrie,"May 24, 2025",,,,,Kaiden Cardoso,Frank Garces,L,L,Offspeed,Strikeout Swinging,,,000,1.331399694,-0.2255646,
Bottom 1,1,0,0,0,'0-0,Barrie,London,"May 24, 2025",,,,,Francisco Hernandez,Travis Keys,R,L,Fastball,Foul,,,000,-0.8665414,0.29009889,
Bottom 1,1,0,0,1,'0-1,Barrie,London,"May 24, 2025",,,,,Francisco Hernandez,Travis Keys,R,L,Fastball,Ball,,,000,-1.2877038,0.94118913,
Bottom 1,1,0,1,1,'1-1,Barrie,London,"May 24, 2025",,,,,Francisco Hernandez,Travis Keys,R,L,Offspeed,Called Strike,,,000,-0.2479592,0.51928265,
Bottom 1,1,0,1,2,'1-2,Barrie,London,"May 24, 2025",,,,,Francisco Hernandez,Travis Keys,R,L,Offspeed,Foul,,,000,-0.8270575,-0.1265989,
Bottom 1,1,0,1,2,'1-2,Barrie,London,"May 24, 2025",,,,,Francisco Hernandez,Travis Keys,R,L,Fastball,Strikeout Looking,,,000,-0.7086056,0.42031694,
Bottom 1,1,1,0,0,'0-0,Barrie,London,"May 24, 2025",,,,,Brandon Hernandez,Travis Keys,L,L,Fastball,Swinging Strike,,,000,0.0810739,0.49323904,
Bottom 1,1,1,0,1,'0-1,Barrie,London,"May 24, 2025",,,,,Brandon Hernandez,Travis Keys,L,L,Fastball,Hit By Pitch,,,000,-2.511707,1.00369379,
Bottom 1,1,1,0,0,'0-0,Barrie,London,"May 24, 2025",,,,,Willy Garcia,Travis Keys,R,L,Fastball,Called Strike,,,100,-0.9849934,0.11300234,
Bottom 1,1,1,0,1,'0-1,Barrie,London,"May 24, 2025",,,,,Willy Garcia,Travis Keys,R,L,Offspeed,Called Strike,,,100,-0.4717017,-0.0536768,
Bottom 1,1,1,0,2,'0-2,Barrie,London,"May 24, 2025",,,,,Willy Garcia,Travis Keys,R,L,Offspeed,Ball,,,100,-1.5772529,0.57136987,
Bottom 1,1,1,1,2,'1-2,Barrie,London,"May 24, 2025",,,,,Willy Garcia,Travis Keys,R,L,Offspeed,Single,Ground Ball,Pull,100,-0.5901536,-0.1578512,
Bottom 1,1,1,0,0,'0-0,Barrie,London,"May 24, 2025",,,,,Nolan Machibroda,Travis Keys,L,L,Offspeed,Error,Ground Ball,Pull,110,0.48907495,-0.012007,
Bottom 1,1,1,0,0,'0-0,Barrie,London,"May 24, 2025",,,1,0,Ryan Rijo,Travis Keys,L,L,Fastball,Error,Ground Ball,Opposite Field,111,0.88391467,0.40469077,
Bottom 1,1,1,0,0,'0-0,Barrie,London,"May 24, 2025",,,,,,Travis Keys,,,,Caught Stealing,,,,,,
Bottom 1,1,2,0,0,'0-0,Barrie,London,"May 24, 2025",,,,,Malik Williams,Travis Keys,R,L,Offspeed,Ball,,,011,-0.9849934,-0.199521,
Bottom 1,1,2,1,0,'1-0,Barrie,London,"May 24, 2025",,,,,Malik Williams,Travis Keys,R,L,Fastball,Ball,,,011,-1.2087359,-0.012007,
Bottom 1,1,2,2,0,'2-0,Barrie,London,"May 24, 2025",,,,,Malik Williams,Travis Keys,R,L,Fastball,Ball,,,011,-1.3798331,1.0297374,
Bottom 1,1,2,3,0,'3-0,Barrie,London,"May 24, 2025",,,1,0,Malik Williams,Travis Keys,R,L,Fastball,Walk,,,011,-0.7349282,1.60269682,
Bottom 1,1,2,0,0,'0-0,Barrie,London,"May 24, 2025",,,,,,Travis Keys,,,,Error,,,011,,,
Bottom 1,1,2,0,0,'0-0,Barrie,London,"May 24, 2025",,,,,Tristan Clarke,Travis Keys,R,L,Fastball,Swinging Strike,,,101,1.1734638,0.07654129,
Bottom 1,1,2,0,1,'0-1,Barrie,London,"May 24, 2025",,,,,Tristan Clarke,Travis Keys,R,L,Fastball,Foul,,,101,0.69965613,0.55574371,
Bottom 1,1,2,0,2,'0-2,Barrie,London,"May 24, 2025",,,,,Tristan Clarke,Travis Keys,R,L,Fastball,Ball,,,101,-0.037378,1.23808628,
Bottom 1,1,2,1,2,'1-2,Barrie,London,"May 24, 2025",,,,,Tristan Clarke,Travis Keys,R,L,Offspeed,Strikeout Swinging,,,101,0.67333349,-0.1734774,
Top 2,2,0,0,0,'0-0,London,Barrie,"May 24, 2025",,,,,Eduardo De Oleo,Frank Garces,R,L,Offspeed,Ball,,,000,-1.2942845,-0.0067983,
Top 2,2,0,1,0,'1-0,London,Barrie,"May 24, 2025",,,,,Eduardo De Oleo,Frank Garces,R,L,Fastball,Single,Line Drive,Opposite Field,000,-0.8270575,0.7067966442,
Top 2,2,0,0,0,'0-0,London,Barrie,"May 24, 2025",,,,,Byron Reichstein,Frank Garces,L,L,Fastball,Called Strike,,,100,0.3311390565,0.06091512,
Top 2,2,0,0,1,'0-1,London,Barrie,"May 24, 2025",,,,,Byron Reichstein,Frank Garces,L,L,Offspeed,Swinging Strike,,,100,0.8444306996,-0.2047297,
Top 2,2,0,0,2,'0-2,London,Barrie,"May 24, 2025",,,,,Byron Reichstein,Frank Garces,L,L,Fastball,Strikeout Looking,,,100,0.7654627545,0.73804898,
Top 2,2,1,0,0,'0-0,London,Barrie,"May 24, 2025",,,,,Champ Garner,Frank Garces,R,L,Fastball,Ball,,,100,-0.7875735,-0.0432593,
Top 2,2,1,1,0,'1-0,London,Barrie,"May 24, 2025",,,,,Champ Garner,Frank Garces,R,L,Offspeed,Swinging Strike,,,100,-0.5111857,-0.1682686,
Top 2,2,1,1,1,'1-1,London,Barrie,"May 24, 2025",,,,,Champ Garner,Frank Garces,R,L,Fastball,Flyout,Fly Ball,Straightaway,100,0.2653324356,0.6286658151,
Top 2,2,2,0,0,'0-0,London,Barrie,"May 24, 2025",,,,,Ty Mosher,Frank Garces,L,L,Offspeed,Called Strike,,,100,0.660172161,0.2536378356,
Top 2,2,2,0,1,'0-1,London,Barrie,"May 24, 2025",,,,,Ty Mosher,Frank Garces,L,L,Offspeed,Ball,,,100,-1.1955745,1.123494399,
Top 2,2,2,1,1,'1-1,London,Barrie,"May 24, 2025",,,,,Ty Mosher,Frank Garces,L,L,Fastball,Foul,,,100,-0.524347,0.8786844681,
Top 2,2,2,1,2,'1-2,London,Barrie,"May 24, 2025",,,,,Ty Mosher,Frank Garces,L,L,Fastball,Ball,,,100,0.9892052656,1.238086282,
Top 2,2,2,2,2,'2-2,London,Barrie,"May 24, 2025",,,,,Ty Mosher,Frank Garces,L,L,Offspeed,Ball,,,100,1.212947777,-0.1838948,
Top 2,2,2,3,2,'3-2,London,Barrie,"May 24, 2025",,,,,Ty Mosher,Frank Garces,L,L,Fastball,Walk,,,100,-1.2087359,-0.142225,
Top 2,2,2,0,0,'0-0,London,Barrie,"May 24, 2025",,,,,Adrian Harrison,Frank Garces,R,L,Offspeed,Ball,,,110,-0.9323481,-0.1786861,
Top 2,2,2,1,0,'1-0,London,Barrie,"May 24, 2025",,,,,Adrian Harrison,Frank Garces,R,L,Fastball,Foul,,,110,0.5417202434,0.2275942259,
Top 2,2,2,1,1,'1-1,London,Barrie,"May 24, 2025",,,,,Adrian Harrison,Frank Garces,R,L,Fastball,Swinging Strike,,,110,-0.6954442,0.805762361,
Top 2,2,2,1,2,'1-2,London,Barrie,"May 24, 2025",,,,,Adrian Harrison,Frank Garces,R,L,Fastball,Foul,,,110,0.515397595,0.633874537,
Top 2,2,2,1,2,'1-2,London,Barrie,"May 24, 2025",,,,,Adrian Harrison,Frank Garces,R,L,Fastball,Ball,,,110,-1.090284,0.2015506162,
Top 2,2,2,2,2,'2-2,London,Barrie,"May 24, 2025",,,,,Adrian Harrison,Frank Garces,R,L,Offspeed,Ball,,,110,-1.1692519,-0.3141129,
Top 2,2,2,3,2,'3-2,London,Barrie,"May 24, 2025",,,,,Adrian Harrison,Frank Garces,R,L,Fastball,Foul,,,110,0.8444306996,0.4203169376,
Top 2,2,2,3,2,'3-2,London,Barrie,"May 24, 2025",,,,,Adrian Harrison,Frank Garces,R,L,Offspeed,Foul,,,110,-0.9586707,0.1390459529,
Top 2,2,2,3,2,'3-2,London,Barrie,"May 24, 2025",,,,,Adrian Harrison,Frank Garces,R,L,Fastball,Walk,,,110,0.6206881885,1.191207784,
Top 2,2,2,0,0,'0-0,London,Barrie,"May 24, 2025",,,,,Kenny Sugi,Frank Garces,L,L,Offspeed,Ball,,,111,-0.9323481,0.00361918,
Top 2,2,2,1,0,'1-0,London,Barrie,"May 24, 2025",,,,,Kenny Sugi,Frank Garces,L,L,Fastball,Called Strike,,,111,0.2126871388,0.4984477667,
Top 2,2,2,1,1,'1-1,London,Barrie,"May 24, 2025",,,,,Kenny Sugi,Frank Garces,L,L,Fastball,Swinging Strike,,,111,0.660172161,1.003693795,
Top 2,2,2,1,2,'1-2,London,Barrie,"May 24, 2025",,,3,3,Kenny Sugi,Frank Garces,L,L,Fastball,Double,Line Drive,Opposite Field,111,0.7391401061,0.55053499,
Top 2,2,2,0,0,'0-0,London,Barrie,"May 24, 2025",,,,,Toby Simmons,Frank Garces,R,L,Offspeed,Foul,,,010,-0.8665414,0.1859244504,
Top 2,2,2,0,1,'0-1,London,Barrie,"May 24, 2025",,,,,Toby Simmons,Frank Garces,R,L,Offspeed,Ball,,,010,-1.0244773,0.2380116698,
Top 2,2,2,1,1,'1-1,London,Barrie,"May 24, 2025",,,,,Toby Simmons,Frank Garces,R,L,Fastball,Foul,,,010,-0.9060254,0.4046907718,
Top 2,2,2,1,2,'1-2,London,Barrie,"May 24, 2025",,,,,Toby Simmons,Frank Garces,R,L,Fastball,Foul,,,010,0.6733334852,0.6807530345,
Top 2,2,2,1,2,'1-2,London,Barrie,"May 24, 2025",,,,,Toby Simmons,Frank Garces,R,L,Fastball,Ball,,,010,1.463012936,0.6963792003,
Top 2,2,2,2,2,'2-2,London,Barrie,"May 24, 2025",,,,,Toby Simmons,Frank Garces,R,L,Offspeed,Foul,,,010,-1.4061557,0.01924534837,
Top 2,2,2,2,2,'2-2,London,Barrie,"May 24, 2025",,,,,Toby Simmons,Frank Garces,R,L,Fastball,Ball,,,010,1.370883667,0.4307343815,
Top 2,2,2,3,2,'3-2,London,Barrie,"May 24, 2025",,,,,Toby Simmons,Frank Garces,R,L,Offspeed,Single,Ground Ball,Pull,010,0.55488157,-0.048468,
Top 2,2,2,0,0,'0-0,London,Barrie,"May 24, 2025",,,,,Francisco Farjado,Frank Garces,L,L,Fastball,Foul,,,101,-0.3927338,0.889101912,
Top 2,2,2,0,1,'0-1,London,Barrie,"May 24, 2025",,,,,Francisco Farjado,Frank Garces,L,L,Fastball,Called Strike,,,101,-0.8007348,0.1442546749,
Top 2,2,2,0,2,'0-2,London,Barrie,"May 24, 2025",,,,,Francisco Farjado,Frank Garces,L,L,Fastball,Ball,,,101,1.120818507,1.305799667,
Top 2,2,2,1,2,'1-2,London,Barrie,"May 24, 2025",,,,,Francisco Farjado,Frank Garces,L,L,Fastball,Foul,,,101,0.515397595,0.4984477667,
Top 2,2,2,1,2,'1-2,London,Barrie,"May 24, 2025",,,,,Francisco Farjado,Frank Garces,L,L,Offspeed,Strikeout Swinging,,,101,0.4364296499,-0.2776518,
Bottom 2,2,0,0,0,'0-0,Barrie,London,"May 24, 2025",,,,,Leliis Beltran,Travis Keys,R,L,Fastball,Called Strike,,,000,-0.6164763,0.38385588,
Bottom 2,2,0,0,1,'0-1,Barrie,London,"May 24, 2025",,,,,Leliis Beltran,Travis Keys,R,L,Fastball,Called Strike,,,000,-0.8270575,0.19634189,
Bottom 2,2,0,0,2,'0-2,Barrie,London,"May 24, 2025",,,,,Leliis Beltran,Travis Keys,R,L,Offspeed,Ball,,,000,-0.9323481,0.30572505,
Bottom 2,2,0,1,2,'1-2,Barrie,London,"May 24, 2025",,,,,Leliis Beltran,Travis Keys,R,L,Fastball,Foul,,,000,-0.6691216,0.25363784,
Bottom 2,2,0,1,2,'1-2,Barrie,London,"May 24, 2025",,,,,Leliis Beltran,Travis Keys,R,L,Fastball,Foul,,,000,-0.8928641,0.55574371,
Bottom 2,2,0,1,2,'1-2,Barrie,London,"May 24, 2025",,,,,Leliis Beltran,Travis Keys,R,L,Offspeed,Popout,Pop Up,Pull,000,0.09423522,-0.0328419,
Bottom 2,2,1,0,0,'0-0,Barrie,London,"May 24, 2025",,,,,Adam Odd,Travis Keys,L,L,Fastball,Foul,,,000,0.06791257,0.93077169,
Bottom 2,2,1,0,1,'0-1,Barrie,London,"May 24, 2025",,,,,Adam Odd,Travis Keys,L,L,Offspeed,Ball,,,000,-0.9060254,0.48803032,
Bottom 2,2,1,1,1,'1-1,Barrie,London,"May 24, 2025",,,,,Adam Odd,Travis Keys,L,L,Offspeed,Ball,,,000,-1.0376387,-0.1838948,
Bottom 2,2,1,2,1,'2-1,Barrie,London,"May 24, 2025",,,,,Adam Odd,Travis Keys,L,L,Fastball,Single,Line Drive,Pull,000,-0.3927338,0.50886521,
Bottom 2,2,1,0,0,'0-0,Barrie,London,"May 24, 2025",,,,,Francisco Hernandez,Travis Keys,R,L,Fastball,Called Strike,,,100,-0.6822829,0.88389319,
Bottom 2,2,1,0,1,'0-1,Barrie,London,"May 24, 2025",,,,,Francisco Hernandez,Travis Keys,R,L,Fastball,Ball,,,100,-1.4061557,0.05049768,
Bottom 2,2,1,1,1,'1-1,Barrie,London,"May 24, 2025",,,,,Francisco Hernandez,Travis Keys,R,L,Fastball,Swinging Strike,,,100,-1.1955745,0.58699604,
Bottom 2,2,1,1,2,'1-2,Barrie,London,"May 24, 2025",,,,,Francisco Hernandez,Travis Keys,R,L,Fastball,Ball,,,100,-1.3929944,1.01411124,
Bottom 2,2,1,2,2,'2-2,Barrie,London,"May 24, 2025",,,,,Francisco Hernandez,Travis Keys,R,L,Fastball,Error,Ground Ball,Straightaway,100,-0.5901536,0.18071573,
Bottom 2,2,1,0,0,'0-0,Barrie,London,"May 24, 2025",,,,,Brandon Hernandez,Travis Keys,L,L,Fastball,Ball,,,110,-1.2218972,0.46719544,
Bottom 2,2,1,1,0,'1-0,Barrie,London,"May 24, 2025",,,,,Brandon Hernandez,Travis Keys,L,L,Fastball,Lineout,Line Drive,Straightaway,110,-0.5901536,0.31093378,
Bottom 2,2,2,0,0,'0-0,Barrie,London,"May 24, 2025",,,,,Willy Garcia,Travis Keys,R,L,Fastball,Called Strike,,,110,-0.8533801,1.08182462,
Bottom 2,2,2,0,1,'0-1,Barrie,London,"May 24, 2025",,,,,Willy Garcia,Travis Keys,R,L,Offspeed,Foul,,,110,-1.1166066,0.16508956,
Bottom 2,2,2,0,2,'0-2,Barrie,London,"May 24, 2025",,,,,Willy Garcia,Travis Keys,R,L,Fastball,Strikeout Looking,,,110,-0.7349282,0.44636055,
Top 3,3,0,0,0,'0-0,London,Barrie,"May 24, 2025",,,,,Kaiden Cardoso,Frank Garces,L,L,Offspeed,Ball,,,000,-1.4456397,0.29009889,
Top 3,3,0,1,0,'1-0,London,Barrie,"May 24, 2025",,,,,Kaiden Cardoso,Frank Garces,L,L,Fastball,Foul,,,000,-0.7086056,0.18592445,
Top 3,3,0,1,1,'1-1,London,Barrie,"May 24, 2025",,,,,Kaiden Cardoso,Frank Garces,L,L,Fastball,Ball,,,000,-1.2087359,0.45156927,
Top 3,3,0,2,1,'2-1,London,Barrie,"May 24, 2025",,,,,Kaiden Cardoso,Frank Garces,L,L,Fastball,Called Strike,,,000,0.55488157,0.45677799,
Top 3,3,0,2,2,'2-2,London,Barrie,"May 24, 2025",,,,,Kaiden Cardoso,Frank Garces,L,L,Fastball,Ball,,,000,0.06791257,-0.1109727,
Top 3,3,0,3,2,'3-2,London,Barrie,"May 24, 2025",,,1,1,Kaiden Cardoso,Frank Garces,L,L,Fastball,Home Run,Fly Ball,Opposite Field,000,0.00210595,0.05049768,
Top 3,3,0,0,0,'0-0,London,Barrie,"May 24, 2025",,,,,Eduardo De Oleo,Frank Garces,R,L,Fastball,Flyout,Fly Ball,Straightaway,000,-0.1953139,0.63908326,
Top 3,3,1,0,0,'0-0,London,Barrie,"May 24, 2025",,,,,Byron Reichstein,Frank Garces,L,L,Offspeed,Swinging Strike,,,000,-0.9060254,-0.0693029,
Top 3,3,1,0,1,'0-1,London,Barrie,"May 24, 2025",,,,,Byron Reichstein,Frank Garces,L,L,Fastball,Called Strike,,,000,-0.2611205,0.16508956,
Top 3,3,1,0,2,'0-2,London,Barrie,"May 24, 2025",,,,,Byron Reichstein,Frank Garces,L,L,Fastball,Strikeout Swinging,,,000,-0.9060254,0.75367514,
Top 3,3,2,0,0,'0-0,London,Barrie,"May 24, 2025",,,,,Champ Garner,Frank Garces,R,L,Fastball,Swinging Strike,,,000,-0.8007348,0.33176866,
Top 3,3,2,0,1,'0-1,London,Barrie,"May 24, 2025",,,,,Champ Garner,Frank Garces,R,L,Offspeed,Popout,,,000,-1.0771226,0.15467212,
Bottom 3,3,0,0,0,'0-0,Barrie,London,"May 24, 2025",,,,,Nolan Machibroda,Travis Keys,L,L,Fastball,Ball,,,000,-1.1297679,-0.0901378,
Bottom 3,3,0,1,0,'1-0,Barrie,London,"May 24, 2025",,,,,Nolan Machibroda,Travis Keys,L,L,Offspeed,Ball,,,000,0.85759202,-0.1786861,
Bottom 3,3,0,2,0,'2-0,Barrie,London,"May 24, 2025",,,,,Nolan Machibroda,Travis Keys,L,L,Fastball,Called Strike,,,000,0.04158992,0.84743214,
Bottom 3,3,0,2,1,'2-1,Barrie,London,"May 24, 2025",,,,,Nolan Machibroda,Travis Keys,L,L,Offspeed,Ball,,,000,-1.4061557,-0.2151471,
Bottom 3,3,0,3,1,'3-1,Barrie,London,"May 24, 2025",,,,,Nolan Machibroda,Travis Keys,L,L,Fastball,Ball,,,000,1.04185056,0.24842911,
Bottom 3,3,0,4,1,'4-1,Barrie,London,"May 24, 2025",,,,,Ryan Rijo,Travis Keys,L,L,Fastball,Called Strike,,,100,0.4627523,0.88910191,
Bottom 3,3,0,4,2,'4-2,Barrie,London,"May 24, 2025",,,,,Ryan Rijo,Travis Keys,L,L,Offspeed,Double Play,Ground Ball,Pull,100,0.23900979,-0.1161814,
Bottom 3,3,2,0,0,'0-0,Barrie,London,"May 24, 2025",,,,,Malik Williams,Travis Keys,R,L,Fastball,Called Strike,,,000,0.7917854,0.7432577,
Bottom 3,3,2,0,1,'0-1,Barrie,London,"May 24, 2025",,,,,Malik Williams,Travis Keys,R,L,Offspeed,Ball,,,000,-1.4193171,-0.3349477,
Bottom 3,3,2,1,1,'1-1,Barrie,London,"May 24, 2025",,,,,Malik Williams,Travis Keys,R,L,Fastball,Ball,,,000,-1.2350585,0.50886521,
Bottom 3,3,2,2,1,'2-1,Barrie,London,"May 24, 2025",,,,,Malik Williams,Travis Keys,R,L,Offspeed,Ball,,,000,-0.9060254,-0.3089041,
Bottom 3,3,2,3,1,'3-1,Barrie,London,"May 24, 2025",,,,,Malik Williams,Travis Keys,R,L,Fastball,Walk,,,000,-1.5246077,0.92035424,
Bottom 3,3,2,0,0,'0-0,Barrie,London,"May 24, 2025",,,,,Tristan Clarke,Travis Keys,R,L,Fastball,Called Strike,,,100,0.01526728,0.93077169,
Bottom 3,3,2,0,1,'0-1,Barrie,London,"May 24, 2025",,,,,Tristan Clarke,Travis Keys,R,L,Offspeed,Swinging Strike,,,100,0.75230143,-0.2620256,
Bottom 3,3,2,0,2,'0-2,Barrie,London,"May 24, 2025",,,,,Tristan Clarke,Travis Keys,R,L,Offspeed,Groundout,Ground Ball,Straightaway,100,-0.6164763,0.1494634,
Top 4,4,0,0,0,'0-0,London,Barrie,"May 24, 2025",,,,,Ty Mosher,Frank Garces,L,L,Fastball,Foul,,,000,-0.7612509,0.48803032,
Top 4,4,0,0,1,'0-1,London,Barrie,"May 24, 2025",,,,,Ty Mosher,Frank Garces,L,L,Fastball,Swinging Strike,,,000,-0.9060254,0.30572505,
Top 4,4,0,0,2,'0-2,London,Barrie,"May 24, 2025",,,,,Ty Mosher,Frank Garces,L,L,Offspeed,Ball,,,000,1.09449586,-0.2307733,
Top 4,4,0,1,2,'1-2,London,Barrie,"May 24, 2025",,,,,Ty Mosher,Frank Garces,L,L,Fastball,Groundout,Ground Ball,Straightaway,000,1.1734638,0.50365649,
Top 4,4,1,0,0,'0-0,London,Barrie,"May 24, 2025",,,,,Adrian Harrison,Frank Garces,R,L,Offspeed,Swinging Strike,,,000,-0.971832,-0.1734774,
Top 4,4,1,0,1,'0-1,London,Barrie,"May 24, 2025",,,,,Adrian Harrison,Frank Garces,R,L,Fastball,Groundout,Ground Ball,Straightaway,000,-0.7612509,0.09737618,
Top 4,4,2,0,0,'0-0,London,Barrie,"May 24, 2025",,,,,Kenny Sugi,Frank Garces,L,L,Fastball,Foul,,,000,0.5153976,0.2223855,
Top 4,4,2,0,1,'0-1,London,Barrie,"May 24, 2025",,,,,Kenny Sugi,Frank Garces,L,L,Offspeed,Ball,,,000,0.81810805,-0.199521,
Top 4,4,2,1,1,'1-1,London,Barrie,"May 24, 2025",,,,,Kenny Sugi,Frank Garces,L,L,Offspeed,Called Strike,,,000,-0.6164763,0.21196806,
Top 4,4,2,1,2,'1-2,London,Barrie,"May 24, 2025",,,,,Kenny Sugi,Frank Garces,L,L,Fastball,Lineout,Line Drive,Opposite Field,000,0.67333349,0.70679664,
Bottom 4,4,0,0,0,'0-0,Barrie,London,"May 24, 2025",,,,,Leliis Beltran,Travis Keys,R,L,Offspeed,Swinging Strike,,,000,0.7917854,0.4828216,
Bottom 4,4,0,0,1,'0-1,Barrie,London,"May 24, 2025",,,,,Leliis Beltran,Travis Keys,R,L,Fastball,Called Strike,,,000,-0.3927338,0.76409259,
Bottom 4,4,0,0,2,'0-2,Barrie,London,"May 24, 2025",,,,,Leliis Beltran,Travis Keys,R,L,Offspeed,Ball,,,000,-1.4061557,-0.0901378,
Bottom 4,4,0,1,2,'1-2,Barrie,London,"May 24, 2025",,,,,Leliis Beltran,Travis Keys,R,L,Fastball,Foul,,,000,0.04158992,0.96723274,
Bottom 4,4,0,1,2,'1-2,Barrie,London,"May 24, 2025",,,,,Leliis Beltran,Travis Keys,R,L,Offspeed,Ball,,,000,-0.8138961,0.62345709,
Bottom 4,4,0,2,2,'2-2,Barrie,London,"May 24, 2025",,,,,Leliis Beltran,Travis Keys,R,L,Fastball,Foul,,,000,-0.8270575,1.13912057,
Bottom 4,4,0,2,2,'2-2,Barrie,London,"May 24, 2025",,,,,Leliis Beltran,Travis Keys,R,L,Fastball,Ball,,,000,-1.5904143,0.94639785,
Bottom 4,4,0,3,2,'3-2,Barrie,London,"May 24, 2025",,,,,Leliis Beltran,Travis Keys,R,L,Fastball,Strikeout Swinging,,,000,-1.1034453,-0.048468,
Bottom 4,4,1,0,0,'0-0,Barrie,London,"May 24, 2025",,,,,Adam Odd,Travis Keys,L,L,Fastball,Foul,,,000,-0.6559603,0.17550701,
Bottom 4,4,1,0,1,'0-1,Barrie,London,"May 24, 2025",,,,,Adam Odd,Travis Keys,L,L,Offspeed,Called Strike,,,000,-0.6691216,0.43073438,
Bottom 4,4,1,0,2,'0-2,Barrie,London,"May 24, 2025",,,,,Adam Odd,Travis Keys,L,L,Offspeed,Groundout,Ground Ball,Pull,000,0.8444307,0.1025849,
Bottom 4,4,2,0,0,'0-0,Barrie,London,"May 24, 2025",,,,,Francisco Hernandez,Travis Keys,R,L,Fastball,Called Strike,,,000,-0.3137658,0.65991815,
Bottom 4,4,2,0,1,'0-1,Barrie,London,"May 24, 2025",,,,,Francisco Hernandez,Travis Keys,R,L,Offspeed,Groundout,Ground Ball,Opposite Field,000,-0.1031846,0.10779362,
Top 5,5,0,0,0,'0-0,London,Barrie,"May 24, 2025",,,,,Toby Simmons,Frank Garces,R,L,Offspeed,Ball,,,000,-1.2350585,-0.0901378,
Top 5,5,0,1,0,'1-0,London,Barrie,"May 24, 2025",,,,,Toby Simmons,Frank Garces,R,L,Fastball,Called Strike,,,000,-0.6164763,0.75367514,
Top 5,5,0,1,1,'1-1,London,Barrie,"May 24, 2025",,,,,Toby Simmons,Frank Garces,R,L,Fastball,Ball,,,000,-1.1955745,1.05578101,
Top 5,5,0,2,1,'2-1,London,Barrie,"May 24, 2025",,,,,Toby Simmons,Frank Garces,R,L,Fastball,Ball,,,000,-1.011316,-0.0797204,
Top 5,5,0,3,1,'3-1,London,Barrie,"May 24, 2025",,,,,Toby Simmons,Frank Garces,R,L,Fastball,Called Strike,,,000,-0.6691216,0.68075303,
Top 5,5,0,3,2,'3-2,London,Barrie,"May 24, 2025",,,,,Toby Simmons,Frank Garces,R,L,Fastball,Foul,,,000,-0.0110554,0.85264086,
Top 5,5,0,3,2,'3-2,London,Barrie,"May 24, 2025",,,,,Toby Simmons,Frank Garces,R,L,Fastball,Double,Fly Ball,Pull,000,0.62068819,0.18071573,
Top 5,5,0,0,0,'0-0,London,Barrie,"May 24, 2025",,,,,,Frank Garces,,,,Truncated Out,,,000,,,
Top 5,5,1,0,0,'0-0,London,Barrie,"May 24, 2025",,,,,Francisco Farjado,Frank Garces,L,L,Fastball,Ball,,,000,-0.8928641,-0.1370163,
Top 5,5,1,1,0,'1-0,London,Barrie,"May 24, 2025",,,,,Francisco Farjado,Frank Garces,L,L,Fastball,Foul,,,000,0.66017216,0.88910191,
Top 5,5,1,1,1,'1-1,London,Barrie,"May 24, 2025",,,,,Francisco Farjado,Frank Garces,L,L,Offspeed,Swinging Strike,,,000,1.29191572,0.07133257,
Top 5,5,1,1,2,'1-2,London,Barrie,"May 24, 2025",,,,,Francisco Farjado,Frank Garces,L,L,Fastball,Groundout,Ground Ball,Pull,000,-0.4585404,0.98806763,
Top 5,5,2,0,0,'0-0,London,Barrie,"May 24, 2025",,,,,Kaiden Cardoso,Frank Garces,L,L,Offspeed,Ball,,,000,-1.2087359,0.38906461,
Top 5,5,2,1,0,'1-0,London,Barrie,"May 24, 2025",,,,,Kaiden Cardoso,Frank Garces,L,L,Offspeed,Called Strike,,,000,-0.6954442,0.33176866,
Top 5,5,2,1,1,'1-1,London,Barrie,"May 24, 2025",,,,,Kaiden Cardoso,Frank Garces,L,L,Fastball,Foul,,,000,-0.3664111,0.29009889,
Top 5,5,2,1,2,'1-2,London,Barrie,"May 24, 2025",,,,,Kaiden Cardoso,Frank Garces,L,L,Fastball,Ball,,,000,-0.7875735,-0.1161814,
Top 5,5,2,2,2,'2-2,London,Barrie,"May 24, 2025",,,,,Kaiden Cardoso,Frank Garces,L,L,Fastball,Foul,,,000,0.59436554,0.40469077,
Top 5,5,2,2,2,'2-2,London,Barrie,"May 24, 2025",,,,,Kaiden Cardoso,Frank Garces,L,L,Offspeed,Strikeout Looking,,,000,-0.7612509,0.23280295,
Bottom 5,5,0,0,0,'0-0,Barrie,London,"May 24, 2025",,,,,Brandon Hernandez,Travis Keys,L,L,Offspeed,Called Strike,,,000,0.71281746,0.15988084,
Bottom 5,5,0,0,1,'0-1,Barrie,London,"May 24, 2025",,,,,Brandon Hernandez,Travis Keys,L,L,Fastball,Ball,,,000,-0.9849934,-0.199521,
Bottom 5,5,0,1,1,'1-1,Barrie,London,"May 24, 2025",,,,,Brandon Hernandez,Travis Keys,L,L,Offspeed,Foul,,,000,-0.3664111,0.13904595,
Bottom 5,5,0,1,2,'1-2,Barrie,London,"May 24, 2025",,,,,Brandon Hernandez,Travis Keys,L,L,Offspeed,Foul,,,000,0.50223627,0.29009889,
Bottom 5,5,0,1,2,'1-2,Barrie,London,"May 24, 2025",,,,,Brandon Hernandez,Travis Keys,L,L,Offspeed,Strikeout Swinging,,,000,0.38378435,-0.1891035,
Bottom 5,5,1,0,0,'0-0,Barrie,London,"May 24, 2025",,,,,Willy Garcia,Travis Keys,R,L,Fastball,Ball,,,000,-1.1824132,1.13391184,
Bottom 5,5,1,1,0,'1-0,Barrie,London,"May 24, 2025",,,,,Willy Garcia,Travis Keys,R,L,Fastball,Called Strike,,,000,-0.5769923,0.44636055,
Bottom 5,5,1,1,1,'1-1,Barrie,London,"May 24, 2025",,,,,Willy Garcia,Travis Keys,R,L,Fastball,Single,Ground Ball,Straightaway,000,-0.3400885,0.21717678,
Bottom 5,5,1,0,0,'0-0,Barrie,London,"May 24, 2025",,,,,Nolan Machibroda,Travis Keys,L,L,Fastball,Ball,,,100,-1.3666718,0.51407393,
Bottom 5,5,1,1,0,'1-0,Barrie,London,"May 24, 2025",,,,,Nolan Machibroda,Travis Keys,L,L,Fastball,Foul,,,100,0.31797773,0.67033559,
Bottom 5,5,1,1,1,'1-1,Barrie,London,"May 24, 2025",,,,,Nolan Machibroda,Travis Keys,L,L,Fastball,Ball,,,100,-0.6427989,-0.293278,
Bottom 5,5,1,2,1,'2-1,Barrie,London,"May 24, 2025",,,,,Nolan Machibroda,Travis Keys,L,L,Fastball,Foul,,,100,0.38378435,0.32655994,
Bottom 5,5,1,2,2,'2-2,Barrie,London,"May 24, 2025",,,,,Nolan Machibroda,Travis Keys,L,L,Offspeed,Ball,,,100,-1.3271878,0.71200537,
Bottom 5,5,1,3,2,'3-2,Barrie,London,"May 24, 2025",,,,,Nolan Machibroda,Travis Keys,L,L,Fastball,Foul,,,100,1.00236659,0.49844777,
Bottom 5,5,1,3,2,'3-2,Barrie,London,"May 24, 2025",,,,,Nolan Machibroda,Travis Keys,L,L,Offspeed,Walk,,,100,-1.2613812,-0.1265989,
Bottom 5,5,1,0,0,'0-0,Barrie,London,"May 24, 2025",,,,,Ryan Rijo,Travis Keys,L,L,Fastball,Single,Fly Ball,Opposite Field,110,0.39694568,0.92035424,
Bottom 5,5,1,0,0,'0-0,Barrie,London,"May 24, 2025",,,,,Malik Williams,Travis Keys,R,L,Offspeed,Ball,,,111,-1.1955745,-0.0536768,
Bottom 5,5,1,1,0,'1-0,Barrie,London,"May 24, 2025",,,,,Malik Williams,Travis Keys,R,L,Fastball,Called Strike,,,111,0.42326833,-0.0797204,
Bottom 5,5,1,1,1,'1-1,Barrie,London,"May 24, 2025",,,,,Malik Williams,Travis Keys,R,L,Fastball,Ball,,,111,-1.4324784,0.02445407,
Bottom 5,5,1,2,1,'2-1,Barrie,London,"May 24, 2025",,,,,Malik Williams,Travis Keys,R,L,Offspeed,Called Strike,,,111,0.83126938,0.62345709,
Bottom 5,5,1,2,2,'2-2,Barrie,London,"May 24, 2025",,,,,Malik Williams,Travis Keys,R,L,Offspeed,Double Play,Ground Ball,Straightaway,111,-0.4058951,0.04528896,
Top 6,6,0,0,0,'0-0,London,Barrie,"May 24, 2025",,,,,Eduardo De Oleo,Juan Benitez,R,R,Fastball,Foul,,,000,-0.3137658,0.94118913,
Top 6,6,0,0,1,'0-1,London,Barrie,"May 24, 2025",,,,,Eduardo De Oleo,Juan Benitez,R,R,Fastball,Called Strike,,,000,-0.8402188,0.4359431,
Top 6,6,0,0,2,'0-2,London,Barrie,"May 24, 2025",,,,,Eduardo De Oleo,Juan Benitez,R,R,Offspeed,Lineout,Line Drive,Straightaway,000,-0.6559603,-0.2516082,
Top 6,6,1,0,0,'0-0,London,Barrie,"May 24, 2025",,,,,Byron Reichstein,Juan Benitez,L,R,Fastball,Called Strike,,,000,-0.1953139,0.48803032,
Top 6,6,1,0,1,'0-1,London,Barrie,"May 24, 2025",,,,,Byron Reichstein,Juan Benitez,L,R,Fastball,Ball,,,000,-1.3271878,0.5765786,
Top 6,6,1,1,1,'1-1,London,Barrie,"May 24, 2025",,,,,Byron Reichstein,Juan Benitez,L,R,Fastball,Called Strike,,,000,0.71281746,0.33697739,
Top 6,6,1,1,2,'1-2,London,Barrie,"May 24, 2025",,,,,Byron Reichstein,Juan Benitez,L,R,Offspeed,Ball,,,000,-0.9257674,-0.2984867,
Top 6,6,1,2,2,'2-2,London,Barrie,"May 24, 2025",,,,,Byron Reichstein,Juan Benitez,L,R,Fastball,Ball,,,000,1.47617426,0.91514552,
Top 6,6,1,3,2,'3-2,London,Barrie,"May 24, 2025",,,,,Byron Reichstein,Juan Benitez,L,R,Fastball,Flyout,Fly Ball,Pull,000,-0.5375083,0.3161425,
Top 6,6,2,0,0,'0-0,London,Barrie,"May 24, 2025",,,,,Champ Garner,Juan Benitez,R,R,Offspeed,Ball,,,000,-1.4193171,-0.1005553,
Top 6,6,2,1,0,'1-0,London,Barrie,"May 24, 2025",,,,,Champ Garner,Juan Benitez,R,R,Fastball,Error,Ground Ball,Pull,000,0.3574617,0.46198671,
Top 6,6,2,0,0,'0-0,London,Barrie,"May 24, 2025",,,,,Ty Mosher,Juan Benitez,L,R,Fastball,Foul,,,100,-0.7480895,0.25884656,
Top 6,6,2,0,1,'0-1,London,Barrie,"May 24, 2025",,,,,Ty Mosher,Juan Benitez,L,R,Fastball,Groundout,Ground Ball,Opposite Field,100,0.60752686,0.27968145,
Bottom 6,6,0,0,0,'0-0,Barrie,London,"May 24, 2025",,,,,Tristan Clarke,Travis Keys,R,L,Fastball,Ball,,,000,-1.070542,1.25371245,
Bottom 6,6,0,1,0,'1-0,Barrie,London,"May 24, 2025",,,,,Tristan Clarke,Travis Keys,R,L,Fastball,Called Strike,,,000,-0.2742819,0.5297001,
Bottom 6,6,0,1,1,'1-1,Barrie,London,"May 24, 2025",,,,,Tristan Clarke,Travis Keys,R,L,Offspeed,Swinging Strike,,,000,-1.3008651,0.10779362,
Bottom 6,6,0,1,2,'1-2,Barrie,London,"May 24, 2025",,,,,Tristan Clarke,Travis Keys,R,L,Offspeed,Strikeout Swinging,,,000,-1.4719624,-0.048468,
Bottom 6,6,1,0,0,'0-0,Barrie,London,"May 24, 2025",,,,,Leliis Beltran,Travis Keys,R,L,Fastball,Foul,,,000,-0.5111857,1.06098974,
Bottom 6,6,1,0,1,'0-1,Barrie,London,"May 24, 2025",,,,,Leliis Beltran,Travis Keys,R,L,Offspeed,Groundout,Ground Ball,Opposite Field,000,-1.4061557,-0.048468,
Bottom 6,6,2,0,0,'0-0,Barrie,London,"May 24, 2025",,,,,Adam Odd,Travis Keys,L,L,Offspeed,Called Strike,,,000,-0.6427989,0.19634189,
Bottom 6,6,2,0,1,'0-1,Barrie,London,"May 24, 2025",,,,,Adam Odd,Travis Keys,L,L,Offspeed,Ball,,,000,-1.2613812,0.32135122,
Bottom 6,6,2,1,1,'1-1,Barrie,London,"May 24, 2025",,,,,Adam Odd,Travis Keys,L,L,Fastball,Flyout,Fly Ball,Opposite Field,000,0.39694568,0.40469077,
Top 7,7,0,0,0,'0-0,London,Barrie,"May 24, 2025",,,,,Adrian Harrison,Juan Benitez,R,R,Fastball,Called Strike,,,000,-0.8533801,0.65470942,
Top 7,7,0,0,1,'0-1,London,Barrie,"May 24, 2025",,,,,Adrian Harrison,Juan Benitez,R,R,Fastball,Ball,,,000,-0.971832,0.85264086,
Top 7,7,0,1,1,'1-1,London,Barrie,"May 24, 2025",,,,,Adrian Harrison,Juan Benitez,R,R,Fastball,Foul,,,000,-0.6822829,0.37343844,
Top 7,7,0,1,2,'1-2,London,Barrie,"May 24, 2025",,,,,Adrian Harrison,Juan Benitez,R,R,Fastball,Foul,,,000,-0.5901536,0.75367514,
Top 7,7,0,1,2,'1-2,London,Barrie,"May 24, 2025",,,,,Adrian Harrison,Juan Benitez,R,R,Fastball,Flyout,Fly Ball,Opposite Field,000,-0.4585404,1.10786823,
Top 7,7,1,0,0,'0-0,London,Barrie,"May 24, 2025",,,,,Kenny Sugi,Juan Benitez,L,R,Fastball,Called Strike,,,000,-0.2874432,0.35260355,
Top 7,7,1,0,1,'0-1,London,Barrie,"May 24, 2025",,,,,Kenny Sugi,Juan Benitez,L,R,Offspeed,Groundout,,,000,-0.4453791,0.50886521,
Top 7,7,2,0,0,'0-0,London,Barrie,"May 24, 2025",,,,,Toby Simmons,Juan Benitez,L,R,Fastball,Ball,,,000,0.52855892,1.15474673,
Top 7,7,2,1,0,'1-0,London,Barrie,"May 24, 2025",,,,,Toby Simmons,Juan Benitez,L,R,Fastball,Called Strike,,,000,0.29165508,0.94639785,
Top 7,7,2,1,1,'1-1,London,Barrie,"May 24, 2025",,,,,Toby Simmons,Juan Benitez,L,R,Offspeed,Groundout,Ground Ball,Pull,000,-0.4585404,0.19113317,
Bottom 7,7,0,0,0,'0-0,Barrie,London,"May 24, 2025",,,,,Francisco Hernandez,Colby Ring,R,L,Fastball,Ball,,,000,-0.9060254,1.21725139,
Bottom 7,7,0,1,0,'1-0,Barrie,London,"May 24, 2025",,,,,Francisco Hernandez,Colby Ring,R,L,Fastball,Foul,,,000,-0.6822829,0.17550701,
Bottom 7,7,0,1,1,'1-1,Barrie,London,"May 24, 2025",,,,,Francisco Hernandez,Colby Ring,R,L,Offspeed,Ball,,,000,-0.2479592,1.24850373,
Bottom 7,7,0,2,1,'2-1,Barrie,London,"May 24, 2025",,,,,Francisco Hernandez,Colby Ring,R,L,Fastball,Called Strike,,,000,-0.5111857,0.83701469,
Bottom 7,7,0,2,2,'2-2,Barrie,London,"May 24, 2025",,,,,Francisco Hernandez,Colby Ring,R,L,Offspeed,Foul,,,000,0.7917854,0.20155062,
Bottom 7,7,0,2,2,'2-2,Barrie,London,"May 24, 2025",,,,,Francisco Hernandez,Colby Ring,R,L,Fastball,Foul,,,000,-0.2874432,0.32135122,
Bottom 7,7,0,2,2,'2-2,Barrie,London,"May 24, 2025",,,,,Francisco Hernandez,Colby Ring,R,L,Fastball,Foul,,,000,-0.6559603,0.38906461,
Bottom 7,7,0,2,2,'2-2,Barrie,London,"May 24, 2025",,,,,Francisco Hernandez,Colby Ring,R,L,Fastball,Foul,,,000,-0.4980244,0.61303965,
Bottom 7,7,0,2,2,'2-2,Barrie,London,"May 24, 2025",,,,,Francisco Hernandez,Colby Ring,R,L,Fastball,Walk,,,000,1.33139969,-0.1109727,
Bottom 7,7,0,0,0,'0-0,Barrie,London,"May 24, 2025",,,,,Brandon Hernandez,Colby Ring,L,L,Fastball,Swinging Strike,,,100,-0.3400885,0.86826702,
Bottom 7,7,0,0,1,'0-1,Barrie,London,"May 24, 2025",,,,,Brandon Hernandez,Colby Ring,L,L,Fastball,Ball,,,100,-0.3400885,0.05049768,
Bottom 7,7,0,1,1,'1-1,Barrie,London,"May 24, 2025",,,,,Brandon Hernandez,Colby Ring,L,L,Offspeed,Ball,,,100,-0.9060254,0.38385588,
Bottom 7,7,0,2,1,'2-1,Barrie,London,"May 24, 2025",,,,,Brandon Hernandez,Colby Ring,L,L,Offspeed,Ball,,,100,1.16030248,1.19641651,
Bottom 7,7,0,3,1,'3-1,Barrie,London,"May 24, 2025",,,,,Brandon Hernandez,Colby Ring,L,L,Offspeed,Swinging Strike,,,010,-0.2874432,0.04528896,
Bottom 7,7,0,3,2,'3-2,Barrie,London,"May 24, 2025",,,,,Brandon Hernandez,Colby Ring,L,L,Offspeed,Strikeout Looking,,,010,0.13371919,0.58178732,
Bottom 7,7,1,0,0,'0-0,Barrie,London,"May 24, 2025",,,,,Willy Garcia,Colby Ring,R,L,Offspeed,Foul,,,010,0.55488157,0.25363784,
Bottom 7,7,1,0,1,'0-1,Barrie,London,"May 24, 2025",,,,,Willy Garcia,Colby Ring,R,L,Fastball,Ball,,,010,0.0284286,0.269264,
Bottom 7,7,1,1,1,'1-1,Barrie,London,"May 24, 2025",,,,,Willy Garcia,Colby Ring,R,L,Fastball,Ball,,,010,0.04158992,-0.2620256,
Bottom 7,7,1,2,1,'2-1,Barrie,London,"May 24, 2025",,,,,Willy Garcia,Colby Ring,R,L,Offspeed,Foul,,,010,-0.8928641,-0.1265989,
Bottom 7,7,1,2,2,'2-2,Barrie,London,"May 24, 2025",,,,,Willy Garcia,Colby Ring,R,L,Offspeed,Ball,,,010,-0.0242167,-0.5641315,
Bottom 7,7,1,3,2,'3-2,Barrie,London,"May 24, 2025",,,,,Willy Garcia,Colby Ring,R,L,Fastball,Strikeout Swinging,,,010,0.22584846,0.15467212,
Bottom 7,7,2,0,0,'0-0,Barrie,London,"May 24, 2025",,,1,1,Nolan Machibroda,Colby Ring,L,L,Offspeed,Single,Ground Ball,Straightaway,010,-0.5375083,0.28489017,
Bottom 7,7,2,0,0,'0-0,Barrie,London,"May 24, 2025",,,,,Ryan Rijo,Colby Ring,L,L,Offspeed,Ball,,,100,1.44985161,-0.2203559,
Bottom 7,7,2,1,0,'1-0,Barrie,London,"May 24, 2025",,,,,Ryan Rijo,Colby Ring,L,L,Offspeed,Called Strike,,,100,0.71281746,0.35781227,
Bottom 7,7,2,1,1,'1-1,Barrie,London,"May 24, 2025",,,,,Ryan Rijo,Colby Ring,L,L,Offspeed,Single,Ground Ball,Pull,100,-0.3795724,0.41510822,
Bottom 7,7,2,0,0,'0-0,Barrie,London,"May 24, 2025",,,,,Malik Williams,Colby Ring,R,L,Fastball,Called Strike,,,110,0.14688052,0.45156927,
Bottom 7,7,2,0,1,'0-1,Barrie,London,"May 24, 2025",,,,,Malik Williams,Colby Ring,R,L,Offspeed,Groundout,Ground Ball,Straightaway,110,0.29165508,0.33697739,
Top 8,8,0,0,0,'0-0,London,Barrie,"May 24, 2025",,,,,Francisco Farjado,Ceasar Rosado,L,R,Offspeed,Ball,,,000,1.67359412,1.1703729,
Top 8,8,0,1,0,'1-0,London,Barrie,"May 24, 2025",,,,,Francisco Farjado,Ceasar Rosado,L,R,Offspeed,Swinging Strike,,,000,-1.0639613,-0.105764,
Top 8,8,0,1,1,'1-1,London,Barrie,"May 24, 2025",,,,,Francisco Farjado,Ceasar Rosado,L,R,Fastball,Foul,,,000,-0.7480895,0.19634189,
Top 8,8,0,1,2,'1-2,London,Barrie,"May 24, 2025",,,,,Francisco Farjado,Ceasar Rosado,L,R,Offspeed,Ball,,,000,-0.9586707,-0.5589228,
Top 8,8,0,2,2,'2-2,London,Barrie,"May 24, 2025",,,,,Francisco Farjado,Ceasar Rosado,L,R,Fastball,Foul,,,000,0.33113906,0.88910191,
Top 8,8,0,2,2,'2-2,London,Barrie,"May 24, 2025",,,,,Francisco Farjado,Ceasar Rosado,L,R,Fastball,Ball,,,000,-1.3798331,0.34739483,
Top 8,8,0,3,2,'3-2,London,Barrie,"May 24, 2025",,,,,Francisco Farjado,Ceasar Rosado,L,R,Offspeed,Walk,,,000,1.33139969,0.73284025,
Top 8,8,0,0,0,'0-0,London,Barrie,"May 24, 2025",,,,,Kaiden Cardoso,Ceasar Rosado,L,R,Fastball,Foul,,,100,0.83126938,0.50365649,
Top 8,8,0,0,1,'0-1,London,Barrie,"May 24, 2025",,,,,Kaiden Cardoso,Ceasar Rosado,L,R,Fastball,Foul,,,100,-0.4585404,0.23280295,
Top 8,8,0,0,2,'0-2,London,Barrie,"May 24, 2025",,,,,Kaiden Cardoso,Ceasar Rosado,L,R,Fastball,Strikeout Swinging,,,100,0.13371919,0.84222341,
Top 8,8,1,0,0,'0-0,London,Barrie,"May 24, 2025",,,,,Eduardo De Oleo,Ceasar Rosado,R,R,Offspeed,Ball,,,100,-1.537769,-0.1838948,
Top 8,8,1,1,0,'1-0,London,Barrie,"May 24, 2025",,,,,Eduardo De Oleo,Ceasar Rosado,R,R,Fastball,Foul,,,100,-0.1295073,0.8630583,
Top 8,8,1,1,1,'1-1,London,Barrie,"May 24, 2025",,,,,Eduardo De Oleo,Ceasar Rosado,R,R,Offspeed,Swinging Strike,,,100,-1.5246077,-0.1213901,
Top 8,8,1,1,2,'1-2,London,Barrie,"May 24, 2025",,,,,Eduardo De Oleo,Ceasar Rosado,R,R,Offspeed,Foul,,,100,-0.6954442,0.40469077,
Top 8,8,1,1,2,'1-2,London,Barrie,"May 24, 2025",,,,,Eduardo De Oleo,Ceasar Rosado,R,R,Fastball,Foul,,,100,-0.8797028,0.54532626,
Top 8,8,1,1,2,'1-2,London,Barrie,"May 24, 2025",,,,,Eduardo De Oleo,Ceasar Rosado,R,R,Offspeed,Ball,,,100,-1.3403491,0.44115183,
Top 8,8,1,2,2,'2-2,London,Barrie,"May 24, 2025",,,,,Eduardo De Oleo,Ceasar Rosado,R,R,Offspeed,Groundout,Ground Ball,Pull,100,-0.8928641,0.04528896,
Top 8,8,2,0,0,'0-0,London,Barrie,"May 24, 2025",,,,,Byron Reichstein,Ceasar Rosado,L,R,Fastball,Ball,,,100,0.68649481,1.19641651,
Top 8,8,2,1,0,'1-0,London,Barrie,"May 24, 2025",,,,,Byron Reichstein,Ceasar Rosado,L,R,Offspeed,Ball,,,100,-0.2347979,0.24322039,
Top 8,8,2,2,0,'2-0,London,Barrie,"May 24, 2025",,,1,1,Byron Reichstein,Ceasar Rosado,L,R,Fastball,Double,Line Drive,Pull,100,-0.2611205,0.45677799,
Top 8,8,2,0,0,'0-0,London,Barrie,"May 24, 2025",,,,,Champ Garner,Ceasar Rosado,R,R,Fastball,Foul,,,001,0.21268714,0.45677799,
Top 8,8,2,0,1,'0-1,London,Barrie,"May 24, 2025",,,,,Champ Garner,Ceasar Rosado,R,R,Offspeed,Swinging Strike,,,001,-1.498285,-0.0745116,
Top 8,8,2,0,2,'0-2,London,Barrie,"May 24, 2025",,,,,Champ Garner,Ceasar Rosado,R,R,Fastball,Foul,,,001,0.8444307,0.80576236,
Top 8,8,2,0,2,'0-2,London,Barrie,"May 24, 2025",,,,,Champ Garner,Ceasar Rosado,R,R,Offspeed,Strikeout Looking,,,001,-0.7744122,0.30572505,
Bottom 8,8,0,0,0,'0-0,Barrie,London,"May 24, 2025",,,,,Tristan Clarke,Colby Ring,R,L,Fastball,Swinging Strike,,,000,-0.4058951,0.93598041,
Bottom 8,8,0,0,1,'0-1,Barrie,London,"May 24, 2025",,,,,Tristan Clarke,Colby Ring,R,L,Fastball,Ball,,,000,-0.6164763,1.07140718,
Bottom 8,8,0,1,1,'1-1,Barrie,London,"May 24, 2025",,,,,Tristan Clarke,Colby Ring,R,L,Offspeed,Foul,,,000,-0.3137658,-0.0953465,
Bottom 8,8,0,1,2,'1-2,Barrie,London,"May 24, 2025",,,,,Tristan Clarke,Colby Ring,R,L,Offspeed,Ball,,,000,0.0284286,-0.2047297,
Bottom 8,8,0,2,2,'2-2,Barrie,London,"May 24, 2025",,,,,Tristan Clarke,Colby Ring,R,L,Fastball,Strikeout Swinging,,,000,0.0810739,1.09745079,
Bottom 8,8,1,0,0,'0-0,Barrie,London,"May 24, 2025",,,,,Leliis Beltran,Colby Ring,R,L,Fastball,Ball,,,000,1.19978645,-0.2099384,
Bottom 8,8,1,1,0,'1-0,Barrie,London,"May 24, 2025",,,,,Leliis Beltran,Colby Ring,R,L,Fastball,Ball,,,000,-0.7480895,1.12870312,
Bottom 8,8,1,2,0,'2-0,Barrie,London,"May 24, 2025",,,,,Leliis Beltran,Colby Ring,R,L,Offspeed,Called Strike,,,000,-0.1821526,0.63387454,
Bottom 8,8,1,2,1,'2-1,Barrie,London,"May 24, 2025",,,,,Leliis Beltran,Colby Ring,R,L,Fastball,Foul,,,000,-0.6954442,1.00369379,
Bottom 8,8,1,2,2,'2-2,Barrie,London,"May 24, 2025",,,,,Leliis Beltran,Colby Ring,R,L,Fastball,Strikeout Looking,,,000,0.92339864,0.2223855,
Bottom 8,8,2,0,0,'0-0,Barrie,London,"May 24, 2025",,,,,Adam Odd,Colby Ring,L,L,Offspeed,Swinging Strike,,,000,1.14714116,-0.0328419,
Bottom 8,8,2,0,1,'0-1,Barrie,London,"May 24, 2025",,,,,Adam Odd,Colby Ring,L,L,Offspeed,Called Strike,,,000,0.897076,0.20675934,
Bottom 8,8,2,0,2,'0-2,Barrie,London,"May 24, 2025",,,,,Adam Odd,Colby Ring,L,L,Offspeed,Strikeout Swinging,,,000,0.66017216,-0.1578512,
Top 9,9,0,0,0,'0-0,London,Barrie,"May 24, 2025",,,,,Ty Mosher,Carlos Sano,L,R,Fastball,Called Strike,,,000,-1.0508,0.19113317,
Top 9,9,0,0,1,'0-1,London,Barrie,"May 24, 2025",,,,,Ty Mosher,Carlos Sano,L,R,Fastball,Foul,,,000,-0.4322177,0.5297001,
Top 9,9,0,0,2,'0-2,London,Barrie,"May 24, 2025",,,,,Ty Mosher,Carlos Sano,L,R,Fastball,Ball,,,000,-1.0508,-0.0640942,
Top 9,9,0,1,2,'1-2,London,Barrie,"May 24, 2025",,,,,Ty Mosher,Carlos Sano,L,R,Fastball,Ball,,,000,0.410107,0.48803032,
Top 9,9,0,2,2,'2-2,London,Barrie,"May 24, 2025",,,,,Ty Mosher,Carlos Sano,L,R,Fastball,Strikeout Swinging,,,000,-0.5111857,0.82138853,
Top 9,9,1,0,0,'0-0,London,Barrie,"May 24, 2025",,,,,Adrian Harrison,Carlos Sano,R,R,Fastball,Swinging Strike,,,000,-0.5111857,0.19634189,
Top 9,9,1,0,1,'0-1,London,Barrie,"May 24, 2025",,,,,Adrian Harrison,Carlos Sano,R,R,Fastball,Called Strike,,,000,-0.8138961,-0.3453652,
Top 9,9,1,0,2,'0-2,London,Barrie,"May 24, 2025",,,,,Adrian Harrison,Carlos Sano,R,R,Fastball,Ball,,,000,-0.563831,0.39427333,
Top 9,9,1,1,2,'1-2,London,Barrie,"May 24, 2025",,,,,Adrian Harrison,Carlos Sano,R,R,Fastball,Single,Line Drive,Straightaway,000,0.44959097,-0.0380506,
Top 9,9,1,0,0,'0-0,London,Barrie,"May 24, 2025",,,,,Kenny Sugi,Carlos Sano,L,R,Fastball,Called Strike,,,100,0.47591362,0.58699604,
Top 9,9,1,0,1,'0-1,London,Barrie,"May 24, 2025",,,,,Kenny Sugi,Carlos Sano,L,R,Fastball,Called Strike,,,100,-1.0639613,0.65991815,
Top 9,9,1,0,2,'0-2,London,Barrie,"May 24, 2025",,,,,Kenny Sugi,Carlos Sano,L,R,Fastball,Ball,,,010,-0.1821526,0.269264,
Top 9,9,1,1,2,'1-2,London,Barrie,"May 24, 2025",,,,,Kenny Sugi,Carlos Sano,L,R,Offspeed,Strikeout Swinging,,,010,-0.037378,0.25884656,
Top 9,9,2,0,0,'0-0,London,Barrie,"May 24, 2025",,,,,Toby Simmons,Carlos Sano,L,R,Fastball,Called Strike,,,010,0.69965613,1.15474673,
Top 9,9,2,0,1,'0-1,London,Barrie,"May 24, 2025",,,,,Toby Simmons,Carlos Sano,L,R,Fastball,Ball,,,010,0.76546275,1.13391184,
Top 9,9,2,1,1,'1-1,London,Barrie,"May 24, 2025",,,1,1,Toby Simmons,Carlos Sano,L,R,Fastball,Double,Ground Ball,Opposite Field,010,-0.8665414,0.2223855,
Top 9,9,2,0,0,'0-0,London,Barrie,"May 24, 2025",,,,,Francisco Farjado,Carlos Sano,L,L,Fastball,Hit By Pitch,,,010,-1.9984153,0.75367514,
Top 9,9,2,0,0,'0-0,London,Barrie,"May 24, 2025",,,,,Kaiden Cardoso,Carlos Sano,L,L,Fastball,Ball,,,110,-1.2877038,0.09216746,
Top 9,9,2,1,0,'1-0,London,Barrie,"May 24, 2025",,,,,Kaiden Cardoso,Carlos Sano,L,L,Fastball,Groundout,Ground Ball,Pull,110,-0.8665414,0.47240416,
Bottom 9,9,0,0,0,'0-0,Barrie,London,"May 24, 2025",,,,,Francisco Hernandez,Skylar Janisse,R,R,Offspeed,Called Strike,,,000,0.00210595,0.48803032,
Bottom 9,9,0,0,1,'0-1,Barrie,London,"May 24, 2025",,,,,Francisco Hernandez,Skylar Janisse,R,R,Fastball,Foul,,,000,-0.8270575,0.59741348,
Bottom 9,9,0,0,2,'0-2,Barrie,London,"May 24, 2025",,,,,Francisco Hernandez,Skylar Janisse,R,R,Fastball,Strikeout Swinging,,,000,0.98920527,0.82659725,
Bottom 9,9,1,0,0,'0-0,Barrie,London,"May 24, 2025",,,,,Brandon Hernandez,Skylar Janisse,L,R,Fastball,Called Strike,,,000,-0.6691216,0.49844777,
Bottom 9,9,1,0,1,'0-1,Barrie,London,"May 24, 2025",,,,,Brandon Hernandez,Skylar Janisse,L,R,Fastball,Groundout,Ground Ball,Pull,000,-0.4717017,0.32655994,
Bottom 9,9,2,0,0,'0-0,Barrie,London,"May 24, 2025",,,,,Willy Garcia,Skylar Janisse,R,R,Fastball,Called Strike,,,000,0.18636449,0.57136987,
Bottom 9,9,2,0,1,'0-1,Barrie,London,"May 24, 2025",,,,,Willy Garcia,Skylar Janisse,R,R,Fastball,Swinging Strike,,,000,-0.7349282,0.56095243,
Bottom 9,9,2,0,2,'0-2,Barrie,London,"May 24, 2025",,,,,Willy Garcia,Skylar Janisse,R,R,Fastball,Strikeout Swinging,,,000,0.87075335,0.61303965,